question_no	pdf_page	source_label	preview
1	4	(1.1.1.1.1)2004 数三	一、函数极限连续 1.1.1.函数性质 a.a.a.a) 有界 (1.1.1.1.1)2004 数三 (7) 函数 f x = xsinx-2 
2	5	(1.1.1.2.1)2002 数二; 基础严选第五章选择 9;660 数二 325	a.a.a.b) 奇偶 (1.1.1.2.1)2002 数二; 基础严选第五章选择 9;660 数二 325 (2) 设函数 f x 连续，则下列函数中，必为偶函数的是 ( ). A. x0 f  t2
3	6	(1.1.1.2.2)2020 数三	(1.1.1.2.2)2020 数三 【例 3.34】 (2020, 数三) 设奇函数 f x 在 -∞,+∞ 上有一阶连续导数, 则【 】 A. x0 cosf t + f   t   dt 为奇函数 B. x0 cosf t + f   t 
4	7	(1.1.1.2.3)2024 数一	(1.1.1.2.3)2024 数一 1.设 f x = x0 e cost  dt,gx = sinx 0 e t2
5	8	(1.1.1.3.1)2008 数一	a.a.a.c) 周期 (1.1.1.3.1)2008 数一 设函数 f x 是连续函数 (I) 利用定义证明函数 Fx = x0 f  t dt 可导, 且 F
6	9	(1.1.1.4.1)1987 数二;880 第一章基础选择 1	a.a.a.d) 综合 (1.1.1.4.1)1987 数二;880 第一章基础选择 1 【1】函数 f x = xsinxe cosx ,x ∈ -∞,+∞ , 是 ( ). A. 单调函数 B. 周期函数 C. 偶函数 D. 有界函数 大观严选题 —— 澄潇宇
7	10	i.i.ii.i.i.i.)1992 数一	1.1.2.极限 a.a.b.a) 函数极限计算 (1.1.2.1.1 0/0 i.i.ii.i.i.i.)1992 数一 求 limx→0 e x-sinx-1 1- 1-x
8	11	i.i.ii.i.i.ii)1999 数二	i.i.ii.i.i.ii)1999 数二 求 limx→0 1+tanx- 1+sinx xln1+x -x 2 . 大观严选题 —— 澄潇宇 第 8 页，共 767 页
9	12	i. i. ii. i. i. iii)2002 数二	i. i. ii. i. i. iii)2002 数二 (3) 设 y = yx 是二阶常系数微分方程 y + py + qy = e 3x满足初始条件 y0 = y  0 = 0 的特解，则 当 x → 0 时, 函数 ln 1+x 2
10	13	i. i. ii. i. i. iv)2008 数一二;26 版 660 数一二三第 129 题	i. i. ii. i. i. iv)2008 数一二;26 版 660 数一二三第 129 题 求极限 limx→0 sinx-sinsinx sinx x 4 . 大观严选题 —— 澄潇宇 第 10 页，共 767 页
11	14	i.i.ii.i.i.v)2008 数三	i.i.ii.i.i.v)2008 数三 求极限 limx→0 1 x 2 ln sinx x
12	15	i. i. ii. i. i. vi)2011 数三	i. i. ii. i. i. vi)2011 数三 求极限 limx→0 1+2sinx-x-1 xln1+x  . 大观严选题 —— 澄潇宇 第 12 页，共 767 页
13	16	i. i. ii. i. i. vii)2009 数三	i. i. ii. i. i. vii)2009 数三 limx→0 e-e cosx 3 1+x 2-1 = _____. 大观严选题 —— 澄潇宇
14	17	i. i. ii. i. i. viii)2012 数三	i. i. ii. i. i. viii)2012 数三 求极限 limx→0 e x 2-e 2-2cosx x 4
15	18	i. i. ii. i. i. ix)2014 数二	i. i. ii. i. i. ix)2014 数二 (5) 设函数 f x = arctanx.若 f x = xf  ξ ，则 limx→0 ξ 2 x 2 = ( ) A. 1. B. 2
16	19	i.i.ii.i.i.x)2015 数一三	i.i.ii.i.i.x)2015 数一三 limx→0 lncosx  x 2 = _____. 大观严选题 —— 澄潇宇 第 16 页，共 767 页
17	20	i.i.ii.i.i.11)2025 数一	i.i.ii.i.i.11)2025 数一 lim x→0+ x x-1 lnx⋅ln1-x  = _____. 大观严选题 —— 澄潇宇 第 17 页，共 767 页
18	21	i.i.ii.i.ii.i)1991 数二	1.1.2.1.2 ∞/ i.i.ii.i.ii.i)1991 数二 lim x→0+ 1-e 1 x x+e
19	22	i. i. ii. i. ii. ii. ii)1997 数二	i. i. ii. i. ii. ii. ii)1997 数二 求极限 limx→-∞ 4x 2+x-1+x+1 x 2+sinx
20	23	i. i. ii. i. ii. iii. iii)2007 数三	i. i. ii. i. ii. iii. iii)2007 数三 limx→+∞ x 3+x 2+1 2
21	24	i. i. ii. i.ii.i)1996 数二	(1.1.2.1.3)0∞∞ i. i. ii. i.ii.i)1996 数二 limx→∞ x sin ln 1+ 3 x
22	25	i.i.ii.i.iii.ii)2018 数二	i.i.ii.i.iii.ii)2018 数二 limx→+∞ x 2 arctanx+1 -arctanx = _____ 大观严选题 —— 澄潇宇
23	26	i. i. ii. i.iii.iii)2023 数三	i. i. ii. i.iii.iii)2023 数三 11. limx→∞ x 2 2-xsin 1 x -cos 1
24	27	i.i.ii.i.iii.iv)2026 数三	i.i.ii.i.iii.iv)2026 数三 limx→0 1 x 1+x 2 sinx -
25	28	i. i. ii. i. iv. i)1990 数三	1.1.2.1.4 ∞- i. i. ii. i. iv. i)1990 数三 极限 limn→∞  n+3 n - n- n = _____. 大观严选题 —— 澄潇宇 第 25 页，共 767 页
26	29	i. i. ii. i. i.v. ii)2020 数一	i. i. ii. i. i.v. ii)2020 数一 limx→0 1 e x-1 - 1 ln1+x 
27	30	i. i. ii.i.v.i)1988 数二	(1.1.2.1.5)0 的 0 次或 ∞的 0 次 i. i. ii.i.v.i)1988 数二 lim x→0+ 1 x  
28	31	i. i. ii. i. v. ii)2010 数三	i. i. ii. i. v. ii)2010 数三 求极限 limx→+∞ x 1  x -1  1
29	32	i.i.ii.i.vi.i)1991 数三	(1.1.2.1.6)1 的 ∞ i.i.ii.i.vi.i)1991 数三 求极限 limx→0 e x+e 2x+⋯+e nx  n 
30	33	i. i. ii. i. vi. ii)2002 数三;880 第一章综合填空 6	i. i. ii. i. vi. ii)2002 数三;880 第一章综合填空 6 设常数 a ≠ 1 2 , 则 limn→∞ ln n-2na+1
31	34	i. i. ii. i. vi.iii)2010 数一	i. i. ii. i. vi.iii)2010 数一 (1) 极限 limx→∞ x 2 x-a x+b  
32	35	i. i. ii. i. vi.iv)2011 数一	i. i. ii. i. vi.iv)2011 数一 求极限 limx→0 ln1+x  x  
33	36	i. i. ii.i.i.v.)2012 数三	i. i. ii.i.i.v.)2012 数三 lim x→ π 4 tanx  1
34	37	i. i. ii. i. vi. vi)2016 数二三	i. i. ii. i. vi. vi)2016 数二三 求极限 limx→0 cos2x+2xsinx  1 x 4 . 大观严选题 —— 澄潇宇
35	38	i. i. ii. i. vi.vii)2019 数二	i. i. ii. i. vi.vii)2019 数二 9. limx→0 x+2 x   2 x = _____
36	39	i.i.ii.i.vi.viii)2019 数三	i.i.ii.i.vi.viii)2019 数三 limn→∞ 1 1⋅2 + 1 2⋅3 +⋯+ 1
37	40	i.i.ii.i.vi.ix)2022 数二三	i.i.ii.i.vi.ix)2022 数二三 limx→0 1+e x  2  cotx = ______. 大观严选题 —— 澄潇宇 第 37 页，共 767 页
38	41	i. i. ii. i.vii. i)2000 数一	(1.1.2.1.7) 含 e 或绝对值的极限 i. i. ii. i.vii. i)2000 数一 求 limx→0 2+e 1 x 1+e 4
39	42	(a.a.b.a.h.a.a)1994 数三	(1.1.2.1.8) 利用导数定义求极限 i. i.ii.i.viii.i) 除式 (a.a.b.a.h.a.a)1994 数三 已知 f  x 0 =-1, 则 limx→0 x f x 0-2x - f x 0-x  = _____. 大观严选题 —— 澄潇宇 第 39 页，共 767 页
40	43	(a.a.b.a.h.a.b)2011 数二三	(a.a.b.a.h.a.b)2011 数二三 (2) 设函数 f x 在 x = 0 处可导, 且 f 0 = 0, 则 limx→0 x 2 f x -2f x 3  
41	44	(a.a.b.a.h.b.a)2013 数一	i. i. ii. i. viii. ii) 乘式 (a.a.b.a.h.b.a)2013 数一 设函数 f x 由方程 y - x = e x1-y 确定, 则 limn→∞ n f 1 n
42	45	(a.a.b.a.h.b.b)2013 数三	(a.a.b.a.h.b.b)2013 数三 设曲线 y = f x 与 y = x 2- x 在点 1,0 处有公共切线, 则 limn→∞ nf n n+2  = 大观严选题 —— 澄潇宇
43	46	(a.a.b.a.h.b.c)2024 数二	(a.a.b.a.h.b.c)2024 数二 2.已知 x=1+t3 y=e t 
44	47	(a.a.b.a.i.a.a)2002 数三;880 第三章基础填空 9	(1.1.2.1.9) 含变限积分的极限 i. i. ii. i. i.x. i)x 趋于 0 (a.a.b.a.i.a.a)2002 数三;880 第三章基础填空 9 求极限 limx→0 x0 u
45	48	(a.a.b.a.i.a.b)2017 数二三	(a.a.b.a.i.a.b)2017 数二三 求极限 lim x→0+ x0 x-t  e tdt x
46	49	(a.a.b.a.i.a.c)2016 数一	(a.a.b.a.i.a.c)2016 数一 limx→0 x0 t  ln1+tsint dt 1-cosx
47	50	(a.a.b.a.i.a.d)2021 数一二	(a.a.b.a.i.a.d)2021 数一二 求极限 limx→0 1+ x0 e t2  dt e
48	51	(a.a.b.a.i.b.a)2000 数二	i. i. ii. i. i. ix. ii)x 趋于 ∞ (a.a.b.a.i.b.a)2000 数二 设函数 Sx = x0 cost  dt. (1) 当 n 为正整数, 且 nπ ≤ x < n+1 π 时, 证明:2n ≤ Sx < 2n+1  (2) 求 limx→+∞
49	52	(a.a.b.a.i.b.b)2014 数一二三	(a.a.b.a.i.b.b)2014 数一二三 求极限 limx→+∞ x1 t2 e 1  t -1 -t
50	53	i. i. ii. i. x. i)1991 数三	(1.1.2.1.10) 其他 i. i. ii. i. x. i)1991 数三 (1) 下列各式中正确的是 ( ) A. lim x→0+ 1+ 1
51	54	i.i.ii.i.x.ii)2000 数三	i.i.ii.i.x.ii)2000 数三 (1) 设对任意的 x，总有 φx ≤ f x ≤ gx ，且 limx→∞ gx -φx = 0，则 limx→∞ f x ( ) A. 存在且等于零 B. 存在但不一定为零 C. 一定不存在 D. 不一定存在
52	55	i. i. ii. i. x. iii)2006 数三	i. i. ii. i. x. iii)2006 数三 limn→∞ n+1 n   -1 n = _____. 大观严选题 —— 澄潇宇
53	56	(a.a.b.b.a.a.a)2003 数二;880 综合填空 5	a.a.b.b) 数列极限 (1.1.2.2.1 数列极限计算 i.i.ii.ii.i.i) 数列以含 n 积分形式给出求极限 (a.a.b.b.a.a.a)2003 数二;880 综合填空 5 设 an = 3 2
54	57	(a.a.b.b.a.a.b)2009 数二	(a.a.b.b.a.a.b)2009 数二 limn→∞ 1 0 e-x  sinnxdx = _____. 大观严选题 —— 澄潇宇 第 54 页，共 767 页
55	58	(a.a.b.b.a.b.a)1998 数一	i. i. ii. ii. ii. ii) 定积分定义求 n 项和极限 (a.a.b.b.a.b.a)1998 数一 求 limn→∞ sin π n n+1 + sin 2π
56	59	(a.a.b.b.a.b.b) 同济大学 2011;2012 数二	(a.a.b.b.a.b.b) 同济大学 2011;2012 数二 limn→∞ n 1 1+n 2 +
57	60	(a.a.b.b.a.b.c)2017 数一二三	(a.a.b.b.a.b.c)2017 数一二三 求 limn→∞ n k=1 k n
58	61	(a.a.b.b.a.b.d)2021 数一二	(a.a.b.b.a.b.d)2021 数一二 (4) 设函数 f x 在区间 0,1 上连续，则 1 0 f  x dx = ( ). A. limn→∞ n
59	62	(a.a.b.b.a.b.e)2025 数二	(a.a.b.b.a.b.e)2025 数二 limn→∞ 1 n 2 ln 1
60	63	(a.a.b.b.a.c.a)2010 数一	i. i. ii. ii. ii. iii) 二重积分定义求 n 项和极限 (a.a.b.b.a.c.a)2010 数一 (4)limn→∞ n i=1 n
61	64	(a.a.b.b.a.c.b)2026 数二	(a.a.b.b.a.c.b)2026 数二 7. f x,y 在区域 D =  x,y ∣0≤x≤1,0≤y≤1 上连续, 且 f x,y = f  y,x , 则 D f  x,y dxdy = ( ) A. 2limn→∞ n i=1
62	65	i. i. ii. ii. ii. ii. i)2012 数二	(1.1.2.2.2) 概念题 i. i. ii. ii. ii. ii. i)2012 数二 (3) 设 an > 0n=1,2,⋯ ， Sn = a1+ a2+⋯+an，则数列 Sn 有界是数列 an 收敛的 ( ) A. 充分必要条件. B. 充分非必要条件. C. 必要非充分条件. D. 既非充分也非必要条件. 大观严选题 —— 澄潇宇 第 62 页，共 767 页
63	66	i. i. ii. ii. ii. ii. ii)2014 数三	i. i. ii. ii. ii. ii. ii)2014 数三 (1)limn→∞ an = a，且 a ≠ 0，则当 n 充分大时有 ( ) A. an > a 2
64	67	i. i. ii. ii. ii. iii. iii)2015 数三;880 基础解答 4	i. i. ii. ii. ii. iii. iii)2015 数三;880 基础解答 4 (1) 设 xn 是数列.下列命题中不正确的是 ( ) A. 若 limn→∞ xn = a, 则 limn→∞ x2n = limn→∞ x2n+1 = a. B. 若 limn→∞
65	68	i.i.ii.ii.ii.i)2007 数一二	(1.1.2.2.3) 数列收敛发散问题 i.i.ii.ii.ii.i)2007 数一二 (5) 设函数 f x 在 0,+∞ 内具有二阶导数，且 f  x > 0，令 un = f n n=1,2,⋯ ，则下列结论 正确的是 ( ) A. 若 u1 > u2
66	69	i.i.ii.ii.iii.ii)2008 数一二	i.i.ii.ii.iii.ii)2008 数一二 (4) 设函数 f x 在 -∞,+∞ 内单调有界， xn 为数列，下列命题正确的是 ( ) A. 若 xn 收敛，则  f xn  收敛. B. 若 xn 单调, 则  f xn  收敛. C. 若  f xn  收敛, 则 xn 收敛. D. 若  f xn  单调, 则 xn 收敛. 大观严选题 —— 澄潇宇 第 66 
67	70	i.i.ii.ii. iii.iii)2017 数二	i.i.ii.ii. iii.iii)2017 数二 (3) 设数列 xn 收敛，则 ( ) A. 当 limn→∞ sinxn = 0 时, limn→∞ xn = 0. B. 当 limn→∞ xn+ xn = 0 时, limn→∞ xn = 0. C. 当 limn→∞
68	71	i. i. ii. ii. ii. iv)2022 数一二	i. i. ii. ii. ii. iv)2022 数一二 (6) 设数列 xn 满足 - π 2 ≤ xn ≤ π 2 ，则 ( )
69	72	i.i.ii.ii.ii. vi)2024 数二	i.i.ii.ii.ii. vi)2024 数二 4.已知数列 an an≠0 , 若 an 发散，则 ( ). A. an+ 1 an   
70	73	i. i. ii. ii. iv. i)2022 数三	(1.1.2.2.4) 数列极限最值 i. i. ii. ii. iv. i)2022 数三 (2) 已知 an = n n - -1 n n n=1,2,⋯ ，则 an ( ) A. 有最大值,有最小值. B. 有最大值, 没有最小值. C. 没有最大值, 有最小值. D. 没有最大值, 没有最小值. 大观严选题 —— 澄潇宇
71	74	i. i. ii. ii. vi. i)2023 数二;26 版 1000 第二章强化 6	(1.1.2.2.5) 数列无穷小比阶 i. i. ii. ii. vi. i)2023 数二;26 版 1000 第二章强化 6 3.已知 xn , yn 满足:x1 = y1 = 1 2 ,xn+1 = sinxn,yn+1 = y
72	75	i. i. ii. ii. vi. i)1996 数一	(1.1.2.2.6) 单调有界 i. i. ii. ii. vi. i)1996 数一 设 x1 = 10,xn+1 = 6+xn n=1,2,⋯ , 试证数列 xn 极限存在, 并求此极限. 大观严选题 —— 澄潇宇 第 72 页，共 767 页
73	76	i. i. ii. ii. vi. ii)1999 数二;880 第三章综合解答 54	i. i. ii. ii. vi. ii)1999 数二;880 第三章综合解答 54 设 f x 是区间 [0, +∞) 上单调减少且非负的连续函数, an = n k=1  f k - n
74	77	i. i. ii. ii. vi.iii)2002 数二	i. i. ii. ii. vi.iii)2002 数二 设 0 < x1 < 3,xn+1 = xn3-xn n=1,2,⋯ , 证明数列 xn 的极限存在, 并求此极限. 大观严选题 —— 澄潇宇 第 74 页，共 767 页
75	78	i. i. ii. ii. vi.iv)2006 数一二;880 第一章综合解答 14	i. i. ii. ii. vi.iv)2006 数一二;880 第一章综合解答 14 【14】设 0 < x1 < π,xn+1 = sinxn. (I) 证明:limn→∞ xn存在, 并求值; (II) 求 limn→∞ xn+1  xn  1
76	79	i. i. ii. ii. vi. v)2011 数一二;880 综合解答 15	i. i. ii. ii. vi. v)2011 数一二;880 综合解答 15 (I) 证明对任意的正整数 n, 都有 1 n+1 < ln 1+ 1 n  <
77	80	i. i. ii. ii. vi.vi)2013 数二	i. i. ii. ii. vi.vi)2013 数二 设函数 f x = lnx + 1 x . (I) 求 f x 的最小值; (II) 设数列 xn 满足 lnxn+
78	81	i. i. ii. ii. vi.vii)2018 数一二三	i. i. ii. ii. vi.vii)2018 数一二三 数列 xn 满足:x1 > 0,xne xn+1 = e xn- 1n=1,2,⋯ .证明 xn 收敛, 并求 limn→∞ xn. a.a.b.c) 已知极限相关. 大观严选题 —— 澄潇宇 第 78 页，共 767 页
79	82	i. i. ii. iii. ii. i)1998 数二	a.a.b.c) 已知极限相关 (1.1.2.3.1 已知极限 (存在) 确定参数 i. i. ii. iii. ii. i)1998 数二 确定常数 a,b,c 的值, 使 limx→0 ax-sinx xb ln 1+t3    t dt = cc≠0 . 大观严选题 —— 澄潇宇
80	83	i. i. ii. iii. ii. ii)2001 数三;880 第二章综合填空 5	i. i. ii. iii. ii. ii)2001 数三;880 第二章综合填空 5 已知 f x 在 -∞,+∞ 内可导, 且 limx→∞ f  x = e,limx→∞ x+c x-c  
81	84	i. i. ii. iii. i.iii)2010 数三	i. i. ii. iii. i.iii)2010 数三 (1) 若 limx→0 1 x - 1 x -a  e  x 
82	85	i. i. ii. iii. ii. iv)2011 数二	i. i. ii. iii. ii. iv)2011 数二 已知函数 Fx = x0 ln  1+t2  dt x
83	86	i. i. ii.iii.i.v)2013 数一	i. i. ii.iii.i.v)2013 数一 (1) 已知极限 limx→0 x-arctanx x k = c，其中 c,k 为常数，且 c ≠ 0，则 ( ) A. k = 2,c =- 1
84	87	i. i. ii. iii. ii. vi)2018 数一	i. i. ii. iii. ii. vi)2018 数一 若 limx→0 1-tanx 1+tanx   1 sinkx = e, 则 k = _____. 大观严选题 —— 澄潇宇
85	88	i. i. ii. iii. ii. vii)2018 数三	i. i. ii. iii. ii. vii)2018 数三 已知实数 a,b 满足 limx→+∞ ax+b e 1 x -x 
86	89	i. i. ii. iii. ii. viii)2024 数一	i. i. ii. iii. ii. viii)2024 数一 11. limx→0 1+ax2   sinx-1 x 3 = 6，则 a = _____. 大观严选题 —— 澄潇宇
87	90	i. i. ii. iii.ii.i.ix)2021 数三	i. i. ii. iii.ii.i.ix)2021 数三 已知 limx→0 aarctan 1 x +1+x  1  x  
88	91	i. i. ii.ii.ii.ii. i)2000 数二	(1.1.2.3.2) 已知一极限, 求另一极限 i. i. ii.ii.ii.ii. i)2000 数二 (4) 若 limx→0 sin6x+xf x  x 3 = 0，则 limx→0 6+ f x  x
89	92	i. i. ii.iii.ii.ii.)2016 数三	i. i. ii.iii.ii.ii.)2016 数三 已知函数 f x 满足 limx→0 1+ f x sin2x-1 e 3x-1 = 2, 则 limx→0 f x = _____. 大观严选题 —— 澄潇宇 第 89 页，共 767 页
90	93	i. i. ii. iii. ii. iii. iii)2020 数三	i. i. ii. iii. ii. iii. iii)2020 数三 (1) 设 limx→a f x -a x-a = b，则 limx→a sinf x -sina x-a = ( ). A. bsina B. bcosa C. bsinf a  D. bcosf a 
91	94	i. i. ii. iii. iii. i)2022 数一	(1.1.2.3.3) 已知极限推其他 i. i. ii. iii. iii. i)2022 数一 (1) 已知 f x 满足 limx→1 f x  lnx = 1, 则 ( ) A. f 1 = 0. B. limx→1
92	95	(1.1.2.4.1)2015 数二	a.a.b.d) 以极限形式给出的函数 (1.1.2.4.1)2015 数二 (2) 函数 f x = limt→0 1+ sint x  
93	96	(1.1.2.4.2)2024 数三	(1.1.2.4.2)2024 数三 设函数 f x = limn→∞ 1+x 1+nx2n , 则 f x  A. 在 x = 1,x =-1 处都连续. B. 在 x = 1 处连续, 在 x =-1 处不连续. C. 在 x = 1,x =-1 处都不连续. D. 在 x = 1 处不连续, 在 x =-1 处连续. 大观严选题 —— 澄潇宇
94	97	(a.a.b.e.a.a.a)2013 数三	a.a.b.e) 无穷小阶数 (1.1.2.5.1 无穷小 i.i.ii.v.i.i) 无穷小概念题 (a.a.b.e.a.a.a)2013 数三 (1) 当 x → 0 时, 用“ox ”表示比 x 高阶的无穷小量, 则下列式子中错误的是 ( ) A. x ⋅ o x 2
95	98	(a.a.b.e.a.a.b)2022 数二三	(a.a.b.e.a.a.b)2022 数二三 (1) 若当 x → 0 时， αx ， βx 是非零无穷小量，则以下的命题中 ①若 αx ∼ βx , 则 α 2 x ∼ β 2
96	99	(a.a.b.e.a.a.c)2025 数二	(a.a.b.e.a.a.c)2025 数二 4.设函数 f x ,gx 在 x = 0 某去心邻域内有定义且恒不为 0, 若 x → 0 时, f x 是 gx 的高阶无穷小， 则当 x → 0 时 ( ) A. f x + gx = ogx  . B. f x gx = o f 2  x  . C. f x = o e gx   -1 . D. f x = o g
97	100	(a.a.b.e.a.b.a)2013 数二	i.i. ii.v.i.ii) 无穷小比阶 (a.a.b.e.a.b.a)2013 数二 (1) 设 cosx - 1 = xsinαx ，其中 αx  < π 2 ，则当 x → 0 时， αx 是 ( ) A. 比 x 高阶的无穷小量. B. 比 x 低阶的无穷小量. C. 与 x 同阶但不等价的无穷小量. D. 与 x 等价的无穷小量. 大观严选题 —— 澄潇宇
98	101	(a.a.b.e.a.b.b)2016 数二	(a.a.b.e.a.b.b)2016 数二 (1) 设 α1 = xcos x-1 ,α2 = x ln 1+ 3  x ,α3 = 3 x+1 - 1.当 x → 0+时, 以上 3 个无穷小量按照从低 阶到高阶的排序是 ( ) A. α1 ,α2
99	102	(a.a.b.e.a.b.c)2020 数一二	(a.a.b.e.a.b.c)2020 数一二 1.当 x → 0+时，下列无穷小中最高阶的是 ( ) A. x0 e t2   -1 dt. B.
100	103	i. i. ii.v. i.iii.i.i)2006 数二	i.i.ii.v.i.iii) 确定参数或阶数 (a.a.b.e.a.c.a) 已知高阶 i. i. ii.v. i.iii.i.i)2006 数二 试确定 A,B,C 的值, 使得 e x 1+Bx+Cx2  = 1 + Ax + o x 3
101	104	i.i. ii.v.i.iii.i.ii)2014 数二	i.i. ii.v.i.iii.i.ii)2014 数二 (1) 当 x → 0+时, 若 lnα 1+2x ,1-cosx  1α 均是比 x 高阶的无穷小量, 则 α 的取值范围是 ( ) A. 2,+∞ . B. 1,2 . C. 1 2
102	105	i. i. ii.v. i.iii.ii.i)1996 数一	(a.a.b.e.a.c.b) 已知同阶 i. i. ii.v. i.iii.ii.i)1996 数一 (4) 设 f x 有连续导数， f 0 = 0， f  0 ≠ 0， Fx = x0 x 2-t2   
103	106	i.i. ii.v.i.iii.ii.ii)2019 数一二三	i.i. ii.v.i.iii.ii.ii)2019 数一二三 (1) 当 x → 0 时, 若 x - tanx 与 x k 是同阶无穷小, 则 k = ( ) A. 1. B. 2. C. 3. D. 4. 大观严选题 —— 澄潇宇 第 103 页，共 767 页
104	107	i.i. ii.v.i.iii.ii.iii.2024 数三	i.i. ii.v.i.iii.ii.iii.2024 数三 当 x → 0 时, x0 1+t2  sint2 1+cos2 t  dt 与 x k 是同阶无穷小, 则 k = _____. 大观严选题 —— 澄潇宇
105	108	i. i. ii.v. i.iii.iii.i)2013 数二三	(a.a.b.e.a.c.c) 已知等价 i. i. ii.v. i.iii.iii.i)2013 数二三 当 x → 0 时, 1 - cosx ⋅ cos2x ⋅ cos3x 与 axn为等价无穷小量, 求 n 与 a 的值. 大观严选题 —— 澄潇宇 第 105 页，共 767 页
106	109	i. i. ii.v.i.iii.iii.ii)2015 数一二三	i. i. ii.v.i.iii.iii.ii)2015 数一二三 设函数 f x = x + aln1+x + bxsinx,gx = kx3 .若 f x 与 gx 在 x → 0 时是等价无穷小,求 a,b,k 的 值. 大观严选题 —— 澄潇宇 第 106 页，共 767 页
107	110	i.i.ii.v. i.iii.iii.iii)2020 数三	i.i.ii.v. i.iii.iii.iii)2020 数三 已知 a,b 为常数，若 1+ 1 n  n- e 与 b
108	111	i. i. ii. v. i.iii.iii.iv)2023 数一二	i. i. ii. v. i.iii.iii.iv)2023 数一二 当 x → 0 时, 函数 f x = ax + bx2+ ln1+x 与 gx = e x 2- cosx 是等价无穷小, 则 ab = ____. 大观严选题 —— 澄潇宇 第 108 页，共 767 页
109	112	i. i.ii.v.i.iii.iii.v)2026 数二	i. i.ii.v.i.iii.iii.v)2026 数二 已知当 x → 0 时, ax2+ bx + arcsinx 与 3 1+x 2 - 1 是等价无穷小, 则 ( ) A. a = 1 3
110	113	(a.a.b.e.b.a.a)1993 数二;880 第一章基础选择 5	(1.1.2.5.2) 无穷大 i.i.ii.v.ii.i) 无界与无穷大 (a.a.b.e.b.a.a)1993 数二;880 第一章基础选择 5 【5】当 x → 0 时, 1 x 2
111	114	(a.a.b.e.b.b.a)2010 数三	i. i. ii.v.ii.ii) 无穷大比阶 (a.a.b.e.b.b.a)2010 数三 (4) 设 f x = ln10x,gx = x,hx = e x10 ，则当 x 充分大时有 ( ) A. gx < hx < f x . B. hx < gx < f x . C. f x < gx < hx . D. gx < f x < hx . 大观严选题 —— 澄潇宇 第 
112	115	(1.1.3.1.1)2018 数二	1.1.3.连续 a.a.c.a) 已知连续确定参数 (1.1.3.1.1)2018 数二 (3) 设函数 f x = -1, x<0 1, x≥0
113	116	(1.1.3.1.2)2017 数一二三	(1.1.3.1.2)2017 数一二三 (1) 若函数 f x = 1-cos x ax , x>0, b, x≤0 
114	117	(1.1.3.2.1)2010 数二	a.a.c.b) 间断点 (1.1.3.2.1)2010 数二 (1) 函数 f x = x 2-x x
115	118	(1.1.3.2.2)2013 数三;26 版 1000 第一章基础 21	(1.1.3.2.2)2013 数三;26 版 1000 第一章基础 21 (2) 函数 f x = xx-1 xx+1 lnx 的可去间断点的个数为 ( ) A. 0. B. 1. C. 2. D. 3. 大观严选题 —— 澄潇宇 第 115 页，共 767 页
116	119	(1.1.3.2.3)2020 数二三	(1.1.3.2.3)2020 数二三 2.函数 f x = e 1 x-1 ln1+x
117	120	(1.1.3.2.4)2024 数二	(1.1.3.2.4)2024 数二 1.函数 f x = x 1 1-x x-2 的第一类间断点的个数为 ( ) A. 3 B. 2 C. 1 D. 0 大观严选题 —— 澄潇宇
118	121	(1.2.1.1.1)1993 数二;880 第二章基础选择 9	二、一元微分 1.2.1.导数概念 a.b.a.a) 基本概念题 (1.2.1.1.1)1993 数二;880 第二章基础选择 9 (5) 若 f x =-f -x , 在 0,+∞ 内 f  x > 0,f  x > 0, 则 f x 在 -∞,0 内 ( )
119	122	(1.2.1.1.2)2015 数一三	(1.2.1.1.2)2015 数一三 (I) 设函数 ux ,vx 可导, 利用导数定义证明 ux vx   = u  x vx + ux v  x ; (II) 设函数 u1
120	123	(1.2.1.2.1)1988 数一二;880 第二章基础选择 8	a.b.a.b) 微分概念 (1.2.1.2.1)1988 数一二;880 第二章基础选择 8 (3) 若函数 y = f x ，有 f  x 0 = 1 2 ，则当 Δx → 0 时，该函数在 x = x0处的微分 dy 是 ( ) A. 与 Δx 等价的无穷小. B. 与 Δx 同阶的无穷小. C. 比 Δx 低阶的无穷小. D. 比 Δx 高阶的无穷小. 大观严选题 —— 澄潇宇
121	124	(1.2.1.2.2)2006 数一二三	(1.2.1.2.2)2006 数一二三 (7) 设函数 y = f x 具有二阶导数，且 f  x > 0,f  x > 0,Δx 为自变量 x 在 x0处的增量， Δy 与 dy 分别为 f x 在点 x0处对应的增量与微分, 若 Δx > 0, 则 ( ) A. 0 < dy < Δy. B. 0 < Δy < dy. C. Δy < dy < 0. D. dy < Δy < 0. 大观严选题 —— 澄潇宇 第
122	125	i. ii. i. iii.i. i)2022 数二	a.b.a.c) 极限与导数 (1.2.1.3.1 已知极限求导数 i. ii. i. iii.i. i)2022 数二 已知函数 f x 在 x = 1 处可导且 limx→0 f e x 2  -3f 1+sin2
123	126	i. ii. i. iii. i. ii)2025 数二	i. ii. i. iii. i. ii)2025 数二 18.(本题满分 12 分) 设函数 f x 在 x = 0 处连续, 且 limx→0 xf x -e 2sinx+1 ln1+x +ln1-x  =-3.证明:f x 在 x = 0 处可导, 并求 f  0 . 大观严选题 —— 澄潇宇 第 123 页，共 767 页
124	127	i.ii.i.iii.ii.i)1987 数一	(1.2.1.3.2) 已知极限推极值拐点 i.ii.i.iii.ii.i)1987 数一 (3) 设 limx→a f x - f a  x-a 2 =-1，则在 x = a 处 ( ) A. f x 的导数存在，且 f  a ≠ 0. B. f x 取得极大值. C. f x 取得极小值. D. f x 的导数不存在. 大观严选题 —— 澄潇宇
125	128	i.ii.i.iii.ii.ii)1990 数一;880 第二章基础选择 11	i.ii.i.iii.ii.ii)1990 数一;880 第二章基础选择 11 【11】设 f x 在 x = 0 的某邻域内连续, f 0 = 0,limx→0 f x  1-cosx = 2, 则 f x 在 x = 0 处 ( ). A. 不可导 B. 可导且 f  0 ≠ 0 C. 有极小值 D. 有极大值 大观严选题 —— 澄潇宇 第 125 页，共 767 页
126	129	i. ii. i. iii. ii. iii)1996 数一	i. ii. i. iii. ii. iii)1996 数一 (2) 设 f x 有二阶连续导数，且 f  0 = 0， limx→0 f  x  x = 1，则 ( ) A. f 0 是 f x 的极大值. B. f 0 是 f x 的极小值. C. 0,f 0  是曲线 y = f x 的拐点. D. f 0 不是 f x 的极值, 0,f 0  也不是曲线 y = f
127	130	i. ii. i. iii. ii. iv)2001 数三	i. ii. i. iii. ii. iv)2001 数三 (1) 设 f x 的导数在 x = a 处连续, 又 limx→a f  x  x-a =-1, 则 ( ) A. x = a 是 f x 的极小值点. B. x = a 是 f x 的极大值点. C. a,f a  是曲线 y = f x 的拐点. D. x = a 不是 f x 的极值点, a,f a  也不是曲线 y = f 
128	131	i. ii. i. iii. iii. ii)2001 数一	(1.2.1.3.3) 极限存在与导数存在 i. ii. i. iii. iii. ii)2001 数一 (3) 设 f 0 = 0，则 f x 在点 x = 0 可导的充要条件为 ( ) A. lim h→0 1 h
129	132	i.ii.i.ii.iii.ii)1989 数二	i.ii.i.ii.iii.ii)1989 数二 (6) 设 f x 在点 x = a 的某个邻域内有定义，则 f x 在 x = a 处可导的一个充分条件是 ( ) A. lim h→+∞ h f a+ 1
130	133	i. ii. i. iii.iii.iii)2025 数二;26 版 1000 第三章强化 24	i. ii. i. iii.iii.iii)2025 数二;26 版 1000 第三章强化 24 7.设函数 f x 连续，给出下列 4 个条件: ① limx→0  f x - f 0  x 存在; ② limx→0 f x - f 0 
131	134	i. ii. i.iii.iv. i)1996 数二;880 第二章综合选择 13	i. ii. i.iii.iv. i)1996 数二;880 第二章综合选择 13 (3) 设 f x 处处可导，则 ( ) A. 当 limx→-∞ f x =-∞时，必有 limx→-∞ f  x =-∞. B. 当 limx→-∞ f  x =-∞时, 必有 limx→-∞
132	135	i. ii. i. iii.iv. ii)2002 数一二	i. ii. i. iii.iv. ii)2002 数一二 (3) 设函数 y = f x 在 0,+∞ 内有界且可导，则 ( ) A. 当 limx→+∞ f x = 0 时, 必有 limx→+∞ f  x = 0. B. 当 limx→+∞ f  x 存在时, 必有 limx→+∞
133	136	i. ii. i. iii.iv.iii)2025 数一	i. ii. i. iii.iv.iii)2025 数一 设函数 f x 在区间 [0, +∞) 上可导, 则 ( ) A. 当 limx→+∞ f x 存在时, limx→+∞ f  x 存在. B. 当 limx→+∞ f  x 存在时, limx→+∞
134	137	i. ii. i. iii.iv.iv)2007 数一二三	i. ii. i. iii.iv.iv)2007 数一二三 (2) 设函数 f x 在 x = 0 处连续，以下命题错误的选项是 ( ) A.假设 limx→0 f x  x 存在, 则 f 0 = 0
135	138	i. ii. i. iii.iv.v)2020 数一	i. ii. i. iii.iv.v)2020 数一 2 设函数 f x 在区间 -1,1 内有定义，且 limx→0 f x = 0，则 ( )) A. 当 limx→0 f x  x = 0 时, f x 在 x = 0 处可导. B. 当 limx→0
136	139	i. ii. i. iii.iv.vi)2024 数一	i. ii. i. iii.iv.vi)2024 数一 (4) 设函数 f x 在区间 -1,1 内有定义, 且 limx→0 f x = 0, 则 A. 当 limx→0 f x  x = m 时, f  0 = m. B. 当 f  0 = m 时, limx→0
137	140	(a.b.a.d.a.a.a)2000 数三	a.b.a.d) 某点的可导问题 (1.2.1.4.1 绝对值相关 i. ii. i. iv. i. i)f 与  f 可导性的关系 (a.b.a.d.a.a.a)2000 数三 (2) 设函数 f x 在点 x = a 处可导, 则函数  f x  在点 x = a 处不可导的充分条件是 ( ) A. f a = 0 且 f  a = 0 B. f a = 0 且 f  a ≠ 0 C. f a 
138	141	(a.b.a.d.a.b.a)1998 数一二	i.ii.i.iv.i.ii) 判断不可导点的个数 (a.b.a.d.a.b.a)1998 数一二 (2) 函数 f x = x 2-x-2 x 3-x 不可导点的个数是 ( ) A. 3. B. 2. C. 1 D. 0. 大观严选题 —— 澄潇宇 第 138 页，共 767 页
139	142	(a.b.a.d.a.c.a)1992 数一;26 版 1000 第四章强化 17	i.ii.i.iv.i.iii) 求可导的最高阶数 (a.b.a.d.a.c.a)1992 数一;26 版 1000 第四章强化 17 (4) 设 f x = 3x 3+ x 2 x，则使 f n 0 存在的最高阶数 n 为 ( )
140	143	(a.b.a.d.a.d.a)1995 数一二;880 第二章基础选择 14	i.ii.i.iv. i.iv) 两个函数乘积 (a.b.a.d.a.d.a)1995 数一二;880 第二章基础选择 14 (3) 设 f x 可导, Fx = f x 1+sinx , 则 f 0 = 0 是 Fx 在 x = 0 处可导的 ( ) A. 充分必要条件. B. 充分条件但非必要条件. C. 必要条件但非充分条件. D. 既非充分条件又非必要条件. 大观严选题 —— 澄潇宇 第 140 页，
141	144	(a.b.a.d.b.a.a)2018 数一二三;880 第二章基础选择 7	(1.2.1.4.2) 研究具体函数在某点的导数 i. ii. i.iv.ii.i) 不分段函数 (a.b.a.d.b.a.a)2018 数一二三;880 第二章基础选择 7 (2) 下列函数中，在 x = 0 处不可导的是 ( ) A. f x = xsinx. B. f x = xsin x . C. f x = cosx. D. f x = cos x . 大观严选题 —— 澄潇宇 第 14
142	145	i. ii. i. iv. ii. ii. i. i)1999 数一二;880 第二章基础选择 1	i. ii. i. iv. ii. ii) 分段函数 (a.b.a.d.b.b.a) 连续,可导 i. ii. i. iv. ii. ii. i. i)1999 数一二;880 第二章基础选择 1 (2) 设 f x = 1-cosx x , x>0, x
143	146	i.ii.i.iv.ii.ii.i.i.ii)2005 数一二	i.ii.i.iv.ii.ii.i.i.ii)2005 数一二 (7) 设函数 f x = limn→∞ n 1+x3n，则 f x 在 -∞,+∞ 内 ( ) A. 处处可导. B. 恰有一个不可导点. C. 恰有两个不可导点. D. 至少有三个不可导点. 大观严选题 —— 澄潇宇 第 143 页，共 767 页
144	147	i. ii. i. iv.ii.ii.ii.iii)2016 数一	i. ii. i. iv.ii.ii.ii.iii)2016 数一 (4) 已知函数 f x = x, x≤0, 1 n , 1 n+1 <x≤
145	148	i. ii. i. iv. ii. ii. ii. iv)2021 数一二三	i. ii. i. iv. ii. ii. ii. iv)2021 数一二三 (2) 函数 f x = e x-1 x , x≠0, 1, x=0
146	149	i. ii. i. iv.ii.ii.ii.ii.i1996 数三;25 版 660 数一二三第 148 题	(a.b.a.d.b.b.b) 导函数连续 i. ii. i. iv.ii.ii.ii.ii.i1996 数三;25 版 660 数一二三第 148 题 设 f x = gx -e-x x , x≠0, 0, x=0,  
147	150	i. ii. i. iv. ii. ii. ii. ii. ii)2015 数二	i. ii. i. iv. ii. ii. ii. ii. ii)2015 数二 (3) 设函数 f x = x αcos 1 x
148	151	i.ii.i.iv.ii.ii.ii.ii.iii. iii)2026 数二三	i.ii.i.iv.ii.ii.ii.ii.iii. iii)2026 数二三 设函数 gx 连续, f x = x 2 0 g  xt dt, 求 f  x 的表达式, 并讨论 f  x 在 x = 0 处的连续性. 大观严选题 —— 澄潇宇 第 148 页，共 767 页
149	152	(a.b.a.d.b.c.a)2023 数一二	i.ii.i. iv.ii.iii) 含绝对值的参数方程 (a.b.a.d.b.c.a)2023 数一二 5.设函数 y = f x 由 x=2t+t y= tsint 
150	153	i.ii.i.iv.ii.ii)1990 数三;26 版 660 数二第 522 题	(1.2.1.4.3) 研究抽象函数在某点的导数 i.ii.i.iv.ii.ii)1990 数三;26 版 660 数二第 522 题 (2) 设函数 f x 对任意 x 均满足等式 f 1+x = af x , 且有 f  0 = b, 其中 a,b 为非零常 数,则 ( ) A. f x 在 x = 1 处不可导 B. f x 在 x = 1 处可导, 且 f  1 = a C. f x 在 x 
151	154	i.ii.i.iv.iii.ii)1996 数二;880 第二章基础选择 18	i.ii.i.iv.iii.ii)1996 数二;880 第二章基础选择 18 (2) 设函数 f x 在区间 -δ,δ 内有定义，若当 x ∈ -δ,δ 时，恒有  f x  ≤ x 2，则 x = 0 必是 f x  的 ( ) A. 间断点. B. 连续而不可导的点. C. 可导的点, 且 f  0 = 0. D. 可导的点, 且 f  0 ≠ 0. 大观严选题 —— 澄潇宇 第 151 页，共
152	155	(1.2.2.1.1)2012 数一二三	1.2.2.导数计算 a.b.b.a) 乘积求导 (1.2.2.1.1)2012 数一二三 (2) 设函数 f x = e x-1  e 2x-2 ⋯ e nx-n ，其中 n 为正整数，则 f  0 = ( ) A. -1 n-1 n-1 !. B. -1 n
153	156	(1.2.2.2.1)2012 数三	a.b.b.b) 复合函数求导 (1.2.2.2.1)2012 数三 设函数 f x = ln x, x≥1, 2x-1, x<1,  y= f  f x    , 则
154	157	(1.2.2.2.2)2021 数三	(1.2.2.2.2)2021 数三 若 y = cose- x , 则 dy dx  x=1 = ______. 大观严选题 —— 澄潇宇
155	158	(1.2.2.3.1)2007 数二	a.b.b.c) 隐函数求导 (1.2.2.3.1)2007 数二 已知函数 f u 具有二阶导数, 且 f  0 = 1, 函数 y = yx 由方程 y - xe y-1 = 1 所确定, 设 z = f lny-sinx , 求 dz
156	159	(1.2.2.3.2)2010 数三	(1.2.2.3.2)2010 数三 设可导函数 y = yx 由方程 x+y 0 e-t2  dt = x0 x  sint2dt 确定, 则
157	160	(1.2.2.3.3)2022 数二	(1.2.2.3.3)2022 数二 已知函数 y = yx 由方程 x 2+ xy + y 3 = 3 确定, 则 y 1 = _____ 大观严选题 —— 澄潇宇
158	161	(1.2.2.4.1)2026 数二三	a.b.b.d) 反函数求导 (1.2.2.4.1)2026 数二三 6.已知 f x = x 3 1 e t
159	162	(1.2.2.5.1)2020 数一二	a.b.b.e) 参数方程求导 (1.2.2.5.1)2020 数一二 9.设 x= t2+1, y=ln t+ t  2+1 ,   则
160	163	(1.2.2.5.2)2021 数一二	(1.2.2.5.2)2021 数一二 设函数 y = yx 由参数方程 x=2et+t+1, y=4t-1 e t+t2   所确定, 则
161	164	(1.2.2.5.3)2025 数二	(1.2.2.5.3)2025 数二 已知函数 y = yx 由 x=ln1+2t  2t￾y+t2 1 e-u 2  du=0
162	165	(1.2.2.5.4)2026 数一	(1.2.2.5.4)2026 数一 设函数 y = yx 由参数方程 x=2sin2 t y=t+cost t∈ 0, π 2
163	166	(1.2.2.6.1)2005 数二	a.b.b.f) 幂指函数求导 (1.2.2.6.1)2005 数二 设 y = 1+sinx x , 则 dy x=π = _____ 大观严选题 —— 澄潇宇 第 163 页，共 767 页
164	167	i. ii. ii. vii. vi. i)2017 数一	a.b.b.g) 高阶导 (1.2.2.7.1 明显奇偶性 i. ii. ii. vii. vi. i)2017 数一 设 f x = 1 1+x 2 ，则 f 3 0 = _____. 大观严选题 —— 澄潇宇
165	168	i. ii. ii. vii. i. ii)2022 数三	i. ii. ii. vii. i. ii)2022 数三 已知函数 f x = e sinx+ e-sinx , 则 f 2π = _____. 大观严选题 —— 澄潇宇 第 165 页，共 767 页
166	169	i. ii. ii. vii. ii. i)1995 数三	(1.2.2.7.2) 有理函数 i. ii. ii. vii. ii. i)1995 数三 设 f x = 1-x 1+x ，则 f n x = _____. 大观严选题 —— 澄潇宇
167	170	i. ii. ii. vii. ii. ii)2007 数二三	i. ii. ii. vii. ii. ii)2007 数二三 设 f x = 1 2x+3 ，则 f n 0 = _____. 大观严选题 —— 澄潇宇 第 167 页，共 767 页
168	171	i. ii. ii. vii.iii. i)2010 数二;880 第二章基础选择 17	(1.2.2.7.3) 对数相关 i. ii. ii. vii.iii. i)2010 数二;880 第二章基础选择 17 设 f x = ln1-2x ，则 f n 0 = _____. 大观严选题 —— 澄潇宇 第 168 页，共 767 页
169	172	i. ii. ii. vii.iv.i)2020 数二	(1.2.2.7.4) 乘积高阶导 i. ii. ii. vii.iv.i)2020 数二 4.已知函数 f x = x 2 ln1-x .当 n ≥ 3 时， f n 0 = ( ) A. -
170	173	i. ii. ii. vii.iv.ii)2015 数二	i. ii. ii. vii.iv.ii)2015 数二 函数 f x = x 22 x在 x = 0 处的 n 阶导数 f n 0 = _____. 大观严选题 —— 澄潇宇 第 170 页，共 767 页
171	174	i. ii. ii. vii.ivi.iii)2024 数二	i. ii. ii. vii.ivi.iii)2024 数二 已知函数 f x = x 2 e x+1 ，则 f 5 1 = _____. 大观严选题 —— 澄潇宇 第 171 页，共 767 页
172	175	i. ii. ii. vii. v. i)2016 数一	(1.2.2.7.5) 罕见函数 i. ii. ii. vii. v. i)2016 数一 设函数 f x = arctanx - x 1+ax2 ，且 f 0 = 1，则 a = _____ 大观严选题 —— 澄潇宇
173	176	i. ii. ii. vii. vi. i)2016 数二	(1.2.2.7.6) 变限积分 i. ii. ii. vii. vi. i)2016 数二 已知函数 f x 在 -∞,+∞ 上连续, 且 f x = x+1 2+ 2 x0 f  t dt, 则当 n ≥ 2 时, f n 0 = ____. 大观严选题 —— 澄潇宇 第 173 页，共 767 页
174	177	i.ii.ii.vii.vii.i)1990 数一二;880 第二章基础选择 16	(1.2.2.7.7) 有规律 i.ii.ii.vii.vii.i)1990 数一二;880 第二章基础选择 16 (3) 已知函数 f x 具有任意阶导数，且 f  x =  f x 2，则当 n 为大于 2 的正整数时， f x 的 n 阶 导数 f n x 为 ( ) A. n! f x n+1 . B. n f x n+1
175	178	i. ii.iii.i.i.i)2004 数一;26 版 660 数一二三第 27 题	1.2.3.导数应用 a.b.c.a) 切法线 (1.2.3.1.1 普通曲线 i. ii.iii.i.i.i)2004 数一;26 版 660 数一二三第 27 题 曲线 y = lnx 上与直线 x + y = 1 垂直的切线方程为 _____ 大观严选题 —— 澄潇宇 第 175 页，共 767 页
176	179	i. ii.iii.i.i.ii)2010 数二	i. ii.iii.i.i.ii)2010 数二 (3) 曲线 y = x 2与曲线 y = alnxa≠0 相切, 则 a = ( ) A. 4e. B. 3e. C. 2e. D. e. 大观严选题 —— 澄潇宇 第 176 页，共 767 页
177	180	i. ii. iii. i. i.iii)2018 数二三	i. ii. iii. i. i.iii)2018 数二三 曲线 y = x 2+ 2lnx 在其拐点处的切线方程是 _____ 大观严选题 —— 澄潇宇 第 177 页，共 767 页
178	181	i. ii.iii. i.ii.i)2020 数三	(1.2.3.1.2) 隐函数表示的曲线 i. ii.iii. i.ii.i)2020 数三 曲线 x + y + e 2xy = 0 在点 0,-1 处的切线方程为 _____ 大观严选题 —— 澄潇宇 第 178 页，共 767 页
179	182	i. ii. iii. i. ii. ii)2023 数二	i. ii. iii. i. ii. ii)2023 数二 14.曲线 3x 3 = y 5+ 2y 3在 x = 1 对应点处的法线斜率为 _____ 大观严选题 —— 澄潇宇 第 179 页，共 767 页
180	183	i. ii.iii. i.iii. i)2009 数二	(1.2.3.1.3) 参数方程表示的曲线 i. ii.iii. i.iii. i)2009 数二 曲线 x= 1-t 0 e-u 2  du, y=t2
181	184	i. ii.iii.i.ii.ii)2013 数二	i. ii.iii.i.ii.ii)2013 数二 曲线 x=arctant y=ln 1+t2  
182	185	i. ii.iii. i.iv.i)1997 数一	(1.2.3.1.4) 极坐标表示的曲线 i. ii.iii. i.iv.i)1997 数一 对数螺线 ρ = e θ在点  ρ,θ = e π 2 , π
183	186	i. ii. iii. i.v. i)2000 数二;26 版 660 数二第 459 题;880 第二章综合解答 3	(1.2.3.1.5) 未给出表达式 i. ii. iii. i.v. i)2000 数二;26 版 660 数二第 459 题;880 第二章综合解答 3 已知 f x 是周期为 5 的连续函数, 它在 x = 0 的某个领域内满足关系式 f 1+sinx - 3f 1-sinx = 8x + αx , 其中 αx 是当 x → 0 时比 x 高阶的无穷小, 且 f x 在 x = 1 处可导, 求曲线 y =
184	187	(a.b.c.b.a.a.a)2014 数一二三	a.b.c.b) 渐近线 (1.2.3.2.1 斜渐近线 (可提取) i. ii.iii.ii.ii.i) 直接给出 (a.b.c.b.a.a.a)2014 数一二三 (2) 下列曲线中有渐近线的是 ( ) A. y = x + sinx. B. y = x 2+ sinx. C. y = x + sin 1
185	188	(a.b.c.b.a.a.b)2017 数二	(a.b.c.b.a.a.b)2017 数二 曲线 y = x 1+arcsin 2 x  的斜渐近线方程为 _____ 大观严选题 —— 澄潇宇 第 185 页，共 767 页
186	189	(a.b.c.b.a.b.a)2005 数一	i. ii.iii.ii.ii.i.i) 有理分式 (a.b.c.b.a.b.a)2005 数一 曲线 y = x 2 2x+1 的斜渐近线方程为 _____ 大观严选题 —— 澄潇宇
187	190	(a.b.c.b.a.b.b)2016 数二	(a.b.c.b.a.b.b)2016 数二 曲线 y = x 3 1+x 2 + arctan 1+x
188	191	(a.b.c.b.a.c.a)2007 数一二三	i. ii.iii.ii.ii.iii) 含对数 (a.b.c.b.a.c.a)2007 数一二三 (5) 曲线 y = 1 x + ln 1+e
189	192	(a.b.c.b.a.c.b)2023 数一二	(a.b.c.b.a.c.b)2023 数一二 (1) 曲线 y = xln e+ 1 x-1  的斜渐近线方程为 ( ) A. y = x + e. B. y = x +
190	193	(a.b.c.b.a.d.a)2000 数二	i. ii.iii.ii.i.iv) 含指数 (a.b.c.b.a.d.a)2000 数二 曲线 y = 2x-1 e 1 x 的斜渐近线方程为 _____ 大观严选题 —— 澄潇宇 第 190 页，共 767 页
191	194	(a.b.c.b.a.e.a)2025 数二	i. ii.iii.ii.i.v) 含根号 (a.b.c.b.a.e.a)2025 数二 曲线 y = 3 x 3-3x 2+1 的渐近线方程为 _____. 大观严选题 —— 澄潇宇
192	195	i. ii. iii. ii. ii. i)1991 数一;880 第二章基础选择 23	(1.2.3.2.2) 含幂 / 指函数 i. ii. iii. ii. ii. i)1991 数一;880 第二章基础选择 23 (1) 曲线 y = 1+e-x 2 1-e-x
193	196	i. ii.iii.ii.ii.ii.ii)1994 数二三	i. ii.iii.ii.ii.ii.ii)1994 数二三 (4) 曲线 y = e 1 x 2 arctan x 2+x+1
194	197	i. ii. iii. ii. ii. iii. iii)2020 数二	i. ii. iii. ii. ii. iii. iii)2020 数二 求曲线 y = x 1+x 1+x x x>0 的斜渐近线方程. 大观严选题 —— 澄潇宇
195	198	i. ii. iii. ii. ii. ii)2025 数三	(1.2.3.2.3) 反函数 i. ii. iii. ii. ii. ii)2025 数三 设 gx 是函数 f x = 1 2 ln 3+x
196	199	i. ii.iii.ii.iv.i)1989 数一二	(1.2.3.2.4) 其他 i. ii.iii.ii.iv.i)1989 数一二 (1) 当 x > 0 时，曲线 y = xsin 1 x ( ) A. 有且仅有水平渐近线. B. 有且仅有铅直渐近线. C. 既有水平渐近线, 也有铅直渐近线. D. 既无水平渐近线, 也无铅直渐近线. 大观严选题 —— 澄潇宇
197	200	i. ii.iii.ii.iv.ii)2005 数二	i. ii.iii.ii.iv.ii)2005 数二 曲线 y = 1+x  3 2 x
198	201	i. ii.iii.ii.iv.iii)2012 数一二三	i. ii.iii.ii.iv.iii)2012 数一二三 (1) 曲线 y = x 2+x x 2-1
199	202	i. ii. iii. iii. i. i)2016 数二	a.b.c.c) 曲率 (1.2.3.3.1 概念题 i. ii. iii. iii. i. i)2016 数二 (5) 设函数 f ix i=1,2 具有二阶连续导数, 且 f ′′ i x 0 < 0i=1,2 .若两条曲线 y = f ix i=1,2 在点
200	203	i.ii.iii.iii.ii. ii)2019 数二	i.ii.iii.iii.ii. ii)2019 数二 6.设函数 f x ,gx 的 2 阶导函数在 x = a 处连续, 则 limx→a f x -gx  x-a 2 = 0 是两条曲线 y = f x ,y = gx 在 x = a 对应的点处相切及曲率相等的 ( ) A. 充分不必要条件. B. 充分必要条件. C. 必要不充分条件. D. 既不充分又不必要条件. 大观严选题 —— 澄潇宇
201	204	i. ii.iii.iii.ii.i)2009 数二	(1.2.3.3.2) 曲率圆 i. ii.iii.iii.ii.i)2009 数二 (5) 若 f  x 不变号, 且曲线 y = f x 在点 1,1 处的曲率圆为 x 2+ y 2 = 2, 则函数 f x 在区间 (1,2)
202	205	i. ii. iii. iii. ii. ii. ii)2024 数二	i. ii. iii. iii. ii. ii. ii)2024 数二 曲线 y 2 = x 在点 0,0 处的曲率圆方程为 _____. 大观严选题 —— 澄潇宇 第 202 页，共 767 页
203	206	i. ii.iii.iii.iii.i)2014 数二	(1.2.3.3.3) 曲率 (半径) i. ii.iii.iii.iii.i)2014 数二 (4) 曲线 x=t2+7, y=t2+4t+1   上对应于 t = 1 的点处的曲率半径是 ( )
204	207	i. ii. iii. iii. iii. iii. ii)2012 数二	i. ii. iii. iii. iii. iii. ii)2012 数二 曲线 y = x 2+ xx<0 上曲率为 2 2 的点的坐标是 _____ 大观严选题 —— 澄潇宇 第 204 页，共 767 页
205	208	(a.b.c.d.a.a.a)2001 数一二	a.b.c.d) 极最拐 (1.2.3.4.1 极值 i.ii.iii.iv.i.i) 单调性 (a.b.c.d.a.a.a)2001 数一二 (5) 已知函数 y = f x 在其定义域内可导, 它的图形如上图所示, 则其导函数 y = f  x 的图形为 ( ). 大观严选题 —— 澄潇宇 第 205 页，共 767 页
206	209	(a.b.c.d.a.a.b)2004 数一二;26 版 660 数一二三第 150 题;880 第二章基础选择 19	(a.b.c.d.a.a.b)2004 数一二;26 版 660 数一二三第 150 题;880 第二章基础选择 19 (8) 设函数 f x 连续，且 f  0 > 0，则存在 δ > 0，使得 ( ) A. f x 在 0,δ 内单调增加. B. f x 在 -δ,0 内单调减少. C. 对任意的 x ∈ 0,δ , 有 f x > f 0 . D. 对任意的 x ∈ -δ,0 , 有 f 
207	210	(a.b.c.d.a.a.c)2022 数二	(a.b.c.d.a.a.c)2022 数二 (3) 设 f x 在 x = x0处有二阶导数，则 ( ) A. 当 f x 在 x0的某邻域内单调增加时， f  x 0 > 0. B. 当 f  x 0 > 0 时, f x 在 x0的某邻域内单调增加. C. 当 f x 在 x0的某邻域内是凹函数时, f  x 0 > 0. D. 当 f  x 0 > 0 时, f x 在 x0的某邻域内
208	211	(a.b.c.d.a.b.a)2003 数一二	i.ii.iii.iv.i.ii) 极值概念题 (a.b.c.d.a.b.a)2003 数一二 (4) 设函数 f x 在 -∞,+∞ 内连续，其导函数的图形如图所示，则 f x 有 ( ). A. 一个极小值点和两个极大值点 B. 两个极小值点和一个极大值点 C. 两个极小值点和两个极大值点 D. 三个极小值点和一个极大值点 大观严选题 —— 澄潇宇 第 208 页，共 767 页
209	212	(a.b.c.d.a.b.b)2010 数三	(a.b.c.d.a.b.b)2010 数三 (3) 设函数 f x ,gx 具有二阶导数，且 g  x < 0.若 g x 0 = a 是 gx 的极值，则 f gx  在 x0处 取极大值的一个充分条件是 ( ) A. f  a < 0. B. f  a > 0. C. f 
210	213	i. ii. iii.iv.i.iii.i.i2005 数三;26 版 660 数二第 540 题	i.ii.iii.iv.i.iii) 求极值 (a.b.c.d.a.c.a) 普通函数极值 i. ii. iii.iv.i.iii.i.i2005 数三;26 版 660 数二第 540 题 (10) 设 f x = xsinx + cosx，下列命题中正确的是 ( ) A. f 0 是极大值， f π 2  是极小值. B. f 0 是极小值， f π
211	214	i. ii.iii.iv.i.iii.ii.i)2019 数一	(a.b.c.d.a.c.b) 分段函数极值 i. ii.iii.iv.i.iii.ii.i)2019 数一 (2) 设函数 f x = xx, x≤0, xlnx, x>0,   则 x = 0 是 f x 的 ( )
212	215	i. ii.iii.iv.i.iii.iii.i)1994 数二	(a.b.c.d.a.c.c) 微分方程解的极值 i. ii.iii.iv.i.iii.iii.i)1994 数二 (3) 设 y = f x 是满足微分方程 y + y  - e sinx = 0 的解，且 f  x 0 = 0，则 f x 在 ( ) A. x0某邻域内单调增加. B. x0某邻域内单调减少. C. x0处取得极小值. D. x0处取得极大值. 大观严选题 —— 澄潇宇
213	216	i. ii.iii.iv.i.iii.iv.i)2017 数一二	(a.b.c.d.a.c.d) 隐函数极值 i. ii.iii.iv.i.iii.iv.i)2017 数一二 已知函数 yx 由方程 x 3+ y 3- 3x + 3y - 2 = 0 确定, 求 yx 的极值. 大观严选题 —— 澄潇宇 第 213 页，共 767 页
214	217	i. ii.iii.iv.i.iii.iv.ii)2023 数三	i. ii.iii.iv.i.iii.iv.ii)2023 数三 已知可导函数 y = yx 满足 aex+ y 2+ y - ln1+x cosy + b = 0, 且 y0 = 0,y  0 = 0. (1) 求 a,b 的值； (2) 判断 x = 0 是否为 yx 的极值点. 大观严选题 —— 澄潇宇 第 214 页，共 767 页
215	218	i. ii.iii.iv.i.iii.v.i)2010 数一二	(a.b.c.d.a.c.e) 变限积分函数极值 i. ii.iii.iv.i.iii.v.i)2010 数一二 求函数 f x = x 2 1 x 2-t   e-t2dt 的单调区间与极值. 大观严选题 —— 澄潇宇 第 215 页，共 767 页
216	219	(a.b.c.d.b.a.a)2009 数二	(1.2.3.4.2) 最值 i. ii.iii.iv.ii. i) 普通函数 (a.b.c.d.b.a.a)2009 数二 函数 y = x 2x在区间 (0,1] 上的最小值为 _____ 大观严选题 —— 澄潇宇 第 216 页，共 767 页
217	220	(a.b.c.d.b.b.a)2016 数二三	i. ii.iii.iv.ii.ii) 以积分给出的函数最值 (a.b.c.d.b.b.a)2016 数二三 设函数 f x = 1 0 t2-x
218	221	(a.b.c.d.c.a.a)2021 数二	(1.2.3.4.3) 拐点 i. ii.iii.iv.iii.i) 凹凸性 (a.b.c.d.c.a.a)2021 数二 已知 f x = xx 1+x
219	222	(a.b.c.d.c.b.a)2015 数一二三;880 第二章基础填空 5	i.ii.iii.iv.iii.ii) 拐点概念题 (a.b.c.d.c.b.a)2015 数一二三;880 第二章基础填空 5 (2) 设函数 f x 在 -∞,+∞ 内连续，其 2 阶导函数 f  x 的图形如右图所示，则曲线 y = f x 的 拐点个数为 ( ) A. 0. B. 1. C. 2. D. 3. 大观严选题 —— 澄潇宇
220	223	(a.b.c.d.c.b.b)2016 数二三	(a.b.c.d.c.b.b)2016 数二三 (1) 设函数 f x 在 -∞,+∞ 内连续，其导函数的图形如图所示，则 ( ) A. 函数 f x 有 2 个极值点, 曲线 y = f x 有 2 个拐点. B. 函数 f x 有 2 个极值点, 曲线 y = f x 有 3 个拐点. C. 函数 f x 有 3 个极值点, 曲线 y = f x 有 1 个拐点. D. 函数 f x 有 3 个极
221	224	(a.b.c.d.c.c.a)2019 数二三	i. ii. iii. iv.iii.iii) 求拐点 (a.b.c.d.c.c.a)2019 数二三 曲线 y = xsinx + 2cosx - π 2 <x< 3π
222	225	(a.b.c.d.c.d.a)2004 数二三	i. ii.iii.iv.iii.iv) 判断拐点 (a.b.c.d.c.d.a)2004 数二三 (8) 设 f x = x1-x , 则 ( ). A. x = 0 是 f x 的极值点, 但点 0,0 不是曲线 y = f x 的拐点 B. x = 0 不是 f x 的极值点, 但点 0,0 是曲线 y = f x 的拐点 C. x = 0 是 f x 的极值点, 且点 0,0 是曲线 
223	226	(a.b.c.d.c.d.b)2025 数一二三	(a.b.c.d.c.d.b)2025 数一二三 1.已知函数 f x = x0 e t2  sintdt,gx = x0 e
224	227	(a.b.c.d.c.e.a)2001 数二;880 第二章基础选择 12	i.ii.iii.iv.iii.v) 高次幂乘积拐点 (a.b.c.d.c.e.a)2001 数二;880 第二章基础选择 12 (3) 曲线 y = x-1 2 x-3 2的拐点个数为 ( ). A. 0 B. 1 C. 2 D. 3 大观严选题 —— 澄潇宇 第 224 页，共 767 页
225	228	(a.b.c.d.c.e.b)2011 数一	(a.b.c.d.c.e.b)2011 数一 (1) 曲线 y = x-1 x-2 2 x-3 3 x-4 4的拐点是 ( ) A. 1,0 . B. 2,0 . C. 3,0 . D. 4,0 . 大观严选题 —— 澄潇宇 第 225 页，共 767 页
226	229	(a.b.c.d.c.f .a)2000 数二	i.ii.iii.iv.iii.vii.vi) 微分方程解的拐点 (a.b.c.d.c.f .a)2000 数二 (2) 设函数 f x 满足关系式 f  x + f   x 2 = x，且 f  0 = 0，则 ( ) A. f 0 是 f x 的极大值. B. f 0 是 f x 的极小值. C. 点 0,f 0  是曲线 y = f x 的拐点. D. f 0 不是 f 
227	230	i.ii.iii.iv.iii.vii) 参数方程凹凸性及拐点 (a.b.c.d.c.g.a)2011 数二	i.ii.iii.iv.iii.vii) 参数方程凹凸性及拐点 (a.b.c.d.c.g.a)2011 数二 设函数 y = yx 由参数方程 x= 1 3 t3+t+
228	231	(a.b.c.d.c.h.a)2010 数三	i. ii.ii.iv.iii.viii.viii) 已知拐点求参数 (a.b.c.d.c.h.a)2010 数三 若曲线 y = x 3+ ax2+ bx + 1 有拐点 -1,0 ，则 b = _____ 大观严选题 —— 澄潇宇 第 228 页，共 767 页
229	232	(a.b.c.d.c.h.b)2023 数二	(a.b.c.d.c.h.b)2023 数二 7.设函数 f x = x 2+a e x , 若 f x 没有极值点, 但曲线 y = f x 有拐点, 则 a 的取值范围是 ( ). A. [0,1) B. [1, +∞) C. [1,2) D. [2, +∞) 大观严选题 —— 澄潇宇 第 229 页，共 767 页
230	233	(1.2.3.5.1)2011 数二	a.b.c.e) 方程根 / 曲线交点 / 函数零点 (1.2.3.5.1)2011 数二 函数 f x = ln x-1 x-2 x-3  的驻点个数为 ( ) A. 0. B. 1. C. 2. D. 3. 大观严选题 —— 澄潇宇 第 230 页，共 767 页
231	234	(1.2.3.5.2)2003 数二;880 第二章基础解答 36	(1.2.3.5.2)2003 数二;880 第二章基础解答 36 讨论曲线 y = 4lnx + k 与 y = 4x + ln4x 的交点个数. 大观严选题 —— 澄潇宇 第 231 页，共 767 页
232	235	(1.2.3.5.3)2021 数二三	(1.2.3.5.3)2021 数二三 (3) 设函数 f x = ax - blnxa>0 有两个零点，则 b a 的取值范围是 ( ) A. e,+∞  B. 0,e  C. 0, 1 e
233	236	(1.2.3.6.1)2000 数一二;26 版 1000 第六章基础 17	a.b.c.f) 不等式 (1.2.3.6.1)2000 数一二;26 版 1000 第六章基础 17 (3) 设函数 f x ,gx 是大于零的可导函数, 且 f  x gx - f x g  x < 0, 则当 a < x < b 时, 有 ( ). A. f x gb > f b gx  B. f x ga > f a gx  C. f x gx > f b 
234	237	(1.2.3.6.2)2017 数一三	(1.2.3.6.2)2017 数一三 (2) 设函数 f x 可导, 且 f x f  x > 0, 则 ( ) A. f 1 > f -1 . B. f 1 < f -1 . C.  f 1  >  f -1 . D.  f 1  <  f -1 . 大观严选题 —— 澄潇宇 第 234 页，共 767 页
235	238	(1.2.3.6.3)2001 数二;880 第二章综合选择 1;25 版 660 数一二三第 173 题	(1.2.3.6.3)2001 数二;880 第二章综合选择 1;25 版 660 数一二三第 173 题 (4) 已知函数 f x 在区间 1-δ,1+δ 内具有二阶导数， f  x 严格单调减少，且 f 1 = f  1 = 1， 则 ( ). A. 在 1-δ,1 和 1,1+δ 内均有 f x < x B. 在 1-δ,1 和 1,1+δ 内均有 f x > x C. 在 1-δ
236	239	(1.2.3.6.4)2014 数一二三	(1.2.3.6.4)2014 数一二三 (3) 设函数 f x 具有二阶导数， gx = f 0 1-x + f 1 x，则在区间 0,1 上 ( ) A. 当 f  x ≥ 0 时, f x ≥ gx . B. 当 f  x ≥ 0 时, f x ≤ gx . C. 当 f  x ≥ 0 时, f x ≥ gx . D. 当 f  x ≥ 0 时, f x 
237	240	(1.2.3.6.5)2017 数二	(1.2.3.6.5)2017 数二 (2) 设二阶可导函数 f x 满足 f 1 = f -1 = 1,f 0 =-1，且 f  x > 0，则 ( ) A. 1-1 f  x dx > 0. B.
238	241	(1.2.3.6.6)2018 数二三;26 版	(1.2.3.6.6)2018 数二三;26 版 (4) 设函数 f x 在 0,1 上二阶可导, 且 1 0 f  x dx = 0, 则 ( ) A. 当 f  x < 0 时, f 1
239	242	(1.2.3.6.7)2020 数二	(1.2.3.6.7)2020 数二 6.设函数 f x 在区间 -2,2 上可导, 且 f  x > f x > 0, 则 ( ) A. f -2  f -1  > 1. B. f 0  f -1 
240	243	(1.2.3.7.1)2010 数二	a.b.c.g) 物理应用 (1.2.3.7.1)2010 数二 (13) 已知一个长方形的长 l 以 2cm/s 的速率增加, 宽 w 以 3cm/s 的速率增加.则当 l = 12cm, w = 5cm 时，它的对角线增加的速率为 _____大观严选题 —— 澄潇宇 第 240 页，共 767 页
241	244	(1.2.3.7.2)2016 数二	(1.2.3.7.2)2016 数二 (13) 已知动点 P 在曲线 y = x 3上运动，记坐标原点与点 P 间的距离为 l.若点 P 的横坐标对时间的变 化率为常数 v0，则当点 P 运动到点 1,1 时， l 对时间的变化率是 _____ 大观严选题 —— 澄潇宇 第 241 页，共 767 页
242	245	(1.2.3.7.3)2021 数二	(1.2.3.7.3)2021 数二 (3) 有一圆柱体，底面半径与高随时间变化的速率分别为 2cm/s, -3cm/s，当底面半径为 10cm，高 为 5cm 时，圆柱体的体积与表面积随时间变化的速率分别为 ( ). A. 125πcm3 /s,40πcm2 /s B. 125πcm3 /s, -40πcm2
243	246	a.b.d.a)2021 数一	1.2.4.泰勒多项式 a.b.d.a)2021 数一 (3) 设函数 f x = sinx 1+x 2 在 x = 0 处的 3 次泰勒多项式为 ax + bx2+ cx3，则 ( )
244	247	a.b.d.b)2021 数二	a.b.d.b)2021 数二 (5) 设函数 f x = secx 在 x = 0 处的 2 次泰勒多项式为 1 + ax + bx2，则 ( ) A. a = 1,b =- 1 2 B. a = 1,b =
245	248	(a.c.a.a.a.a.a)2021 数一	三、一元积分 1.3.1.积分计算 a.c.a.a) 有理函数 (1.3.1.1.1 分母质因式 i.iii.i.i.i.i) 分子常数 (a.c.a.a.a.a.a)2021 数一 +∞
246	249	(a.c.a.a.a.b.a)2022 数二	i.iii.i.i.i.ii) 分子一次 (a.c.a.a.a.b.a)2022 数二 1 0 2x+3 x 2-x+1
247	250	(a.c.a.a.b.a.a)1992 数二; 李正元例 3.43 - 2	(1.3.1.1.2) 分母可因式分解 i.iii.i.i.ii.i) 分母简单 (a.c.a.a.b.a.a)1992 数二; 李正元例 3.43 - 2 +∞ 1 dx x x 2+1 
248	251	(a.c.a.a.b.a.b)1993 数二	(a.c.a.a.b.a.b)1993 数二 求 +∞ 0 x 1+x   3 dx. 大观严选题 —— 澄潇宇
249	252	(a.c.a.a.b.a.c)2024 数三	(a.c.a.a.b.a.c)2024 数三 +∞ 2 5 x 4+3x 2-4
250	253	(a.c.a.a.b.b.a)2025 数一二三	i.iii.i.i.ii.ii) 分母复杂 (a.c.a.a.b.b.a)2025 数一二三 计算 1 0 1 x+1  x 2-2x+2 
251	254	(a.c.a.a.b.b.b)2019 数二	(a.c.a.a.b.b.b)2019 数二 计算积分  3x+6 x-1 2 x 2+x+1  dx. 大观严选题 —— 澄潇宇 第 251 页，共 767 页
252	255	i.iii.i.i.ii.i)1996 数二;880 基础解答 1 - 4	(1.3.1.1.3) 有理函数乘其他函数 i.iii.i.i.ii.i)1996 数二;880 基础解答 1 - 4  arctanx x 2 1+x 2
253	256	i.iii.i.ii.i.i)2009 数二三;1000 第九章基础 3	a.c.a.b) 含根式 (1.3.1.2.1 根号下一坨 i.iii.i.ii.i.i)2009 数二三;1000 第九章基础 3 计算不定积分  ln 1+ 1+x  x dxx>0 . 大观严选题 —— 澄潇宇
254	257	i.iii.i.ii.ii.i)1988 数三	(1.3.1.2.2) 根号 x i.iii.i.ii.ii.i)1988 数三 求定积分 3 0 dx x 1+x 
255	258	i.iii.i.ii.ii.ii)1997 数二	i.iii.i.ii.ii.ii)1997 数二  dx x4-x  = _____. 大观严选题 —— 澄潇宇 第 255 页，共 767 页
256	259	i.iii.i.ii.ii.iii)2011 数三	i.iii.i.ii.ii.iii)2011 数三 求不定积分  arcsin x+lnx x dx. 大观严选题 —— 澄潇宇 第 256 页，共 767 页
257	260	i.iii. i. ii. ii.iv)2020 数二;1000 第九章强化 15	i.iii. i. ii. ii.iv)2020 数二;1000 第九章强化 15 3. 1 0 arcsin x x1-x   dx = ( ) A. π
258	261	i.iii. i.ii.ii.i)2000 数二;30 习题 9.6	(1.3.1.2.3) 分母多项式乘根号 i.iii. i.ii.ii.i)2000 数二;30 习题 9.6 +∞ 2 dx x+7  x-2  = _____. 大观严选题 —— 澄潇宇
259	262	i.iii. i. ii.iv.i)1991 数一;660 数二 112;30 例 9.27	(1.3.1.2.4) 根号下二次多项式 i.iii. i. ii.iv.i)1991 数一;660 数二 112;30 例 9.27 +∞ 3 dx x-1 4 x
260	263	i.iii. i.ii.iv.ii)2012 数一	i.iii. i.ii.iv.ii)2012 数一 2 0 x  2x-x 2 dx = _____. 大观严选题 —— 澄潇宇 第 260 页，共 767 页
261	264	i.iii.i.ii.v.i)1998 数二;880 基础解答 9 - 2;30 例 9.26	(1.3.1.2.5) 根号下绝对值 i.iii.i.ii.v.i)1998 数二;880 基础解答 9 - 2;30 例 9.26 计算积分 3 2 1
262	265	i.iii.i.ii.vi.i)1992 数二;880 基础解答 2 - 3; 李正元例 3.40 - 1	(1.3.1.2.6) 平方和差 i.iii.i.ii.vi.i)1992 数二;880 基础解答 2 - 3; 李正元例 3.40 - 1  x 3 1+x 2
263	266	i.iii. i. ii. vi. ii)2001 数二;880 基础解答 2 - 4	i.iii. i. ii. vi. ii)2001 数二;880 基础解答 2 - 4 求  dx 2x  2+1  x 2+1 . 大观严选题 —— 澄潇宇 第 263 页，共 767 页
264	267	i.iii. i. ii.vi.iii)2008 数二	i.iii. i. ii.vi.iii)2008 数二 计算积分 1 0 x 2arcsinx 1-x
265	268	i.iii. i. ii. vi.iv)2004 数二; 基础严选第五章填空 5	i.iii. i. ii. vi.iv)2004 数二; 基础严选第五章填空 5 +∞ 1 dx x x 2-1  = _____. 大观严选题 —— 澄潇宇
266	269	i.iii. i. ii.vi.v)2006 数二	i.iii. i. ii.vi.v)2006 数二 反常积分 +∞ 0 xdx 1+x 2
267	270	i.iii. i. ii. vi.vi)1994 数二;880 基础解答 8 - 2	i.iii. i. ii. vi.vi)1994 数二;880 基础解答 8 - 2 1 0 x  1-x 4  
268	271	i.iii. i. ii.vii. i)1993 数一;880 基础解答 2 - 2;30 例 9.4	(1.3.1.2.7) 指数相关 i.iii. i. ii.vii. i)1993 数一;880 基础解答 2 - 2;30 例 9.4  xex e x-1 dx 大观严选题 —— 澄潇宇
269	272	i. iii. i. ii. vii. ii)1996 数三;660 数二 110; 李正元例 3.43 - 3	i. iii. i. ii. vii. ii)1996 数三;660 数二 110; 李正元例 3.43 - 3 计算 +∞ 0 xe-x 1+e-x    2 dx. 大观严选题 —— 澄潇宇
270	273	i.iii. i.ii.vii.iii)2000 数三	i.iii. i.ii.vii.iii)2000 数三 +∞ 1 dx e x+e  2-x = _____. 大观严选题 —— 澄潇宇
271	274	i.iii. i.iii. i.i)2010 数一	a.c.a.c) 两函数相乘 (1.3.1.3.1 多次分部 i.iii. i.iii. i.i)2010 数一 π 2 0 x  cos x dx = _____. 大观严选题 —— 澄潇宇 第 271 页，共 767 页
272	275	i.iii. i.iii. i.ii)1991 数二	i.iii. i.iii. i.ii)1991 数二 求 xsin2xdx. 大观严选题 —— 澄潇宇 第 272 页，共 767 页
273	276	i.iii. i.iii. ii. i)1987 数二	(1.3.1.3.2) 反三角 i.iii. i.iii. ii. i)1987 数二 1 0 x  arcsinxdx 大观严选题 —— 澄潇宇
274	277	i.iii. i.iii. ii. ii. ii)2018 数一二;1000 第九章基础 4	i.iii. i.iii. ii. ii. ii)2018 数一二;1000 第九章基础 4 求不定积分 e 2xarctan e x-1 dx. 大观严选题 —— 澄潇宇 第 274 页，共 767 页
275	278	i.iii. i.iii. ii.iii)2006 数二	i.iii. i.iii. ii.iii)2006 数二 计算积分  arcsine x e x dx. 大观严选题 —— 澄潇宇 第 275 页，共 767 页
276	279	i.iii. i. iii. ii.iv)1999 数二;900 第三章数二 A 类 50	i.iii. i. iii. ii.iv)1999 数二;900 第三章数二 A 类 50 计算积分 +∞ 1 arctanx x  2 dx. 大观严选题 —— 澄潇宇
277	280	i.iii. i.iii.iii.i) 武老师基础严选第五章填空 4;2026 数一	(1.3.1.3.3) 指对有关 i.iii. i.iii.iii.i) 武老师基础严选第五章填空 4;2026 数一 14. +∞ 1 lnx+1  x
278	281	i.iii. i.iii.iii.ii)2022 数一	i.iii. i.iii.iii.ii)2022 数一 e 2 1 lnx x  dx = ______. 大观严选题 —— 澄潇宇
279	282	1000 第八章强化 11	1000 第八章强化 11 6.若函数 f α = +∞ 2 1 xlnx   α+1 dx 在 α = α0处取得最小值，则 α0 = ( ). A. -
280	283	i.iii. i.iii.iii.iv)2007 数一	i.iii. i.iii.iii.iv)2007 数一 2 1 1 x  3 e xdx = _____. 大观严选题 —— 澄潇宇
281	284	i.iii. i.iii.iii.v)1997 数二;30 例 9.7;880 基础解答 4 - 6	i.iii. i.iii.iii.v)1997 数二;30 例 9.7;880 基础解答 4 - 6 计算 e 2x tanx+1 2dx. 大观严选题 —— 澄潇宇 第 281 页，共 767 页
282	285	i.iii. i.iii.iv.i)2019 数一三	(1.3.1.3.4) 递推 i.iii. i.iii.iv.i)2019 数一三 设 an = 1 0 x n
283	286	i.iii. i.iv.i.i) 姜晓千基础例题	a.c.a.d) 三角相关 (1.3.1.4.1 高次幂 i.iii. i.iv.i.i) 姜晓千基础例题 (1) sin3xdx = _____； (2) cos4xdx = ____. (3) csc4xdx = _____. (4)
284	287	i.iii.i.iv.i.ii) 张宇 1000 第 9 章基础 1 节选	i.iii.i.iv.i.ii) 张宇 1000 第 9 章基础 1 节选 (15)  tan2xdx; (16)  tan3xdx;
285	288	i.iii. i.iv.ii.i)1987 数二;880 基础解答 3 - 6;1000 第九章基础 1 - 20	(1.3.1.4.2) 含参讨论 i.iii. i.iv.ii.i)1987 数二;880 基础解答 3 - 6;1000 第九章基础 1 - 20  dx a 2 sin2x+b
286	289	i.iii. i.iv.iii. i)1993 数二	(1.3.1.4.3) 三角分式 i.iii. i.iv.iii. i)1993 数二 求 π 40 x 1+cos2x
287	290	i.iii. i.iv.iii.ii)1994 数一二;880 基础解答 3 - 5	i.iii. i.iv.iii.ii)1994 数一二;880 基础解答 3 - 5  dx sin2x+2sinx 大观严选题 —— 澄潇宇 第 287 页，共 767 页
288	291	i.iii. i.iv.iii.iii)1996 数二;880 基础解答 3 - 2	i.iii. i.iv.iii.iii)1996 数二;880 基础解答 3 - 2  dx 1+sinx ; 大观严选题 —— 澄潇宇 第 288 页，共 767 页
289	292	i.iii. i.iv.iv.i)1992 数二;880 基础解答 7 - 4	(1.3.1.4.4) 复杂三角 i.iii. i.iv.iv.i)1992 数二;880 基础解答 7 - 4 π 0 1-sinx  dx 大观严选题 —— 澄潇宇
290	293	i.iii.i.v.i.i)2016 数一二	a.c.a.e) 分段函数 (1.3.1.5.1 求分段函数的不定积分 (原函数) i.iii.i.v.i.i)2016 数一二 (2) 已知函数 f x = 2x-1 , x<1, lnx, x≥1,   ，则 f x 的一个原函数是 ( )
291	294	i.iii.i.v.i.ii)2023 数二三;30 例 8.2	i.iii.i.v.i.ii)2023 数二三;30 例 8.2 2.函数 f x = 1 1+x 2 , x≤0, x+1 cosx, x>0
292	295	i.iii.i.v.ii.i)2004 数三	(1.3.1.5.2) 分段函数定积分 i.iii.i.v.ii.i)2004 数三 设 f x = xex 2 ,-
293	296	i.iii.i.v.iii.i)2009 数二	(1.3.1.5.3) 分段函数反常积分 i.iii.i.v.iii.i)2009 数二 已知 +∞ -∞ e
294	297	i.iii.i.v.iii.ii)2011 数二	i.iii.i.v.iii.ii)2011 数二 设函数 f x = λe-λx , x>0, 0, x≤0  λ>0  
295	298	i.iii. i. v.iii.iii)2021 数二	i.iii. i. v.iii.iii)2021 数二 +∞ -∞ x  3-x 2dx = ______. 大观严选题 —— 澄潇宇 第 295 页，共 767 页
296	299	i.iii.i.v.iv.i)1988 数二；	(1.3.1.5.4) 求分段函数的变限积分 i.iii.i.v.iv.i)1988 数二； x-1 1-t   dtx≥-1  大观严选题 —— 澄潇宇 第 296 页，共 767 页
297	300	i.iii.i.v.iv.ii)1993 数二	i.iii.i.v.iv.ii)1993 数二 (3) 已知 f x = x 2 , 0≤x≤1 1, 1≤x≤2, 
298	301	(a.c.a.f .a.a.a)1996 数二	(1.3.1.6.1) 奇偶性 i.iii. i.vi. i. i) 对称区间 (a.c.a.f .a.a.a)1996 数二 1-1 x+ 1-x 2  2
299	302	(a.c.a.f .a.a.b)2001 数二	(a.c.a.f .a.a.b)2001 数二 π 2- π 2 x 3+sin2
300	303	(a.c.a.f .a.a.c)2006 数一二三;880 基础解答 5 - 3	(a.c.a.f .a.a.c)2006 数一二三;880 基础解答 5 - 3 2-2 x+x   e-xdx 大观严选题 —— 澄潇宇 第 300 页，共 767 页
301	304	(a.c.a.f .a.a.d)2015 数一	(a.c.a.f .a.a.d)2015 数一 π 2- π 2 sinx 1+cosx
302	305	(a.c.a.f .a.a.e)2017 数三	(a.c.a.f .a.a.e)2017 数三 π-π sin3x+ π 2-x 2   dx = _____. 大观严选题 —— 澄潇宇 第 302 页，共 767 页
303	306	(a.c.a.f .a.b.a)2026 数三	i.iii. i.vi. i.ii) 需要转化 (a.c.a.f .a.b.a)2026 数三 1 0 x  x-1  x￾1 2
304	307	(a.c.a.f .b.a.a)1989 数二;880 基础解答 8 - 3	(1.3.1.6.2) 区间再现 i.iii. i.vi.ii.i)sin 推论 (a.c.a.f .b.a.a)1989 数二;880 基础解答 8 - 3 π 0 t  sintdt = _____. 大观严选题 —— 澄潇宇
305	308	(a.c.a.f .b.b.a)1995 数三	i.iii. i.vi. ii. ii) 指数相关 (a.c.a.f .b.b.a)1995 数三 设 f x ,gx 在区间 -a,a a>0 上连续, gx 为偶函数, 且 f x 满足条件 f x + f -x = A(A 为 常数). (1) 证明 a-a f  x gx dx = A
306	309	i.iii.i.vi.iii.i)2013 数一; 基础严选第五章解答 5	(1.3.1.6.3) 求变限积分的定积分 i.iii.i.vi.iii.i)2013 数一; 基础严选第五章解答 5 计算 1 0 f x 
307	310	i.iii. i.vi.iii.ii)2019 数二	i.iii. i.vi.iii.ii)2019 数二 13.已知函数 f x = x x1 sint2 t  dt, 则 1 0
308	311	(1.3.1.7.1)1993 数三	a.c.a.g) 反常积分特殊题型 (1.3.1.7.1)1993 数三 已知 limx→∞ x-a x+a  
309	312	(a.c.b.a.a.a.a)1999 数二;880 第三章基础填空 11;30 习题 10.5	1.3.2.积分应用 a.c.b.a) 几何应用 (1.3.2.1.1 平均值 i.iii.ii.i.i.i) 已知函数 (a.c.b.a.a.a.a)1999 数二;880 第三章基础填空 11;30 习题 10.5 f x = x
310	313	(a.c.b.a.a.a.b)2026 数二	(a.c.b.a.a.a.b)2026 数二 函数 f x = ln2+x 在区间 0,2 上的平均值为 _____. 大观严选题 —— 澄潇宇 第 310 页，共 767 页
311	314	(a.c.b.a.a.b.a)2016 数二;1000 第十章强化 17(第一问)	i.iii.ii.i.i.i.i) 函数未知 (a.c.b.a.a.b.a)2016 数二;1000 第十章强化 17(第一问) 已知函数 f x 在 0, 3π 2  
312	315	i.iii.ii.i.i.i.i.i.i.i)1998 数二; 基础严选第六章填空 1	(1.3.2.1.2) 面积 i.iii. ii. i. ii. i) 直角坐标 (a.c.b.a.b.a.a) 常规 i.iii.ii.i.i.i.i.i.i.i)1998 数二; 基础严选第六章填空 1 曲线 y =-x 3+ x 2+ 2x 与 x 轴所围图形的面积 A = _____. 大观严选题 —— 澄潇宇
313	316	##i.iii.ii.i.ii.i.i.ii)1987 数一;880 第三章基础填空 16; 基础严选第六章填空 3	##i.iii.ii.i.ii.i.i.ii)1987 数一;880 第三章基础填空 16; 基础严选第六章填空 3 由曲线 y = lnx 与两直线 y = e + 1 - x 及 y = 0 所围成的平面图形的面积是 _____ 大观严选题 —— 澄潇宇 第 313 页，共 767 页
314	317	i.iii.ii.i.ii.i.i.ii.i2014 数三	i.iii.ii.i.ii.i.i.ii.i2014 数三 设 D 是由曲线 xy + 1 = 0 与直线 y + x = 0 及 y = 2 围成的有界区域, 则 D 的面积为 _____ 大观严选题 —— 澄潇宇 第 314 页，共 767 页
315	318	i.iii.ii.i.i.ii.i.iv)2002 数二; 基础严选第六章填空 5	i.iii.ii.i.i.ii.i.iv)2002 数二; 基础严选第六章填空 5 位于曲线 y = xe-x 0≤x<+∞ 下方, x 轴上方的无界图形的面积是 _____ 大观严选题 —— 澄潇宇 第 315 页，共 767 页
316	319	i.iii.ii.i.ii.i.i.ii.i)2019 数一二三;30 例 10.4	(a.c.b.a.b.a.b) 指数。三角 i.iii.ii.i.ii.i.i.ii.i)2019 数一二三;30 例 10.4 求曲线 y = e-xsinxx≥0 与 x 轴之间图形的面积. 大观严选题 —— 澄潇宇 第 316 页，共 767 页
317	320	i.iii.ii.ii.ii.i.iii.i1992 数二;30 习题 10.6	(a.c.b.a.b.a.c) 面积最值 i.iii.ii.ii.ii.i.iii.i1992 数二;30 习题 10.6 求曲线 y = x 的一条切线 l, 使该曲线与切线 l 及直线 x = 0,x = 2 所围成图形面积最小. 大观严选题 —— 澄潇宇 第 317 页，共 767 页
318	321	i.iii.ii.i.i.ii.ii.ii.ii)2024 数三	i.iii.ii.i.i.ii.ii.ii.ii)2024 数三 19.设 t > 0, 平面有界区域 D 由曲线 y = xe-2x与直线 x = t,x = 2t 及 x 轴围成, D 的面积 为 St , 求 St 的最大值. 大观严选题 —— 澄潇宇 第 318 页，共 767 页
319	322	i.iii.ii.i.ii.i.iv.i)2014 数二	(a.c.b.a.b.a.d) 与极限结合 i.iii.ii.i.ii.i.iv.i)2014 数二 设函数 f x = x 1+x ,x ∈ 0,1 , 定义函数列:
320	323	i.iii.ii.i.i.ii.ii.i2003 数二; 基础严选第六章填空 6	i.iii.ii.i.ii.ii) 极坐标 (a.c.b.a.b.b.a) 对数螺线 i.iii.ii.i.i.ii.ii.i2003 数二; 基础严选第六章填空 6 (4) 设曲线的极坐标方程为 ρ = e aθa>0 ，则该曲线上相应于 θ 从 0 变到 2π 的一段弧与极轴所围成 的图形的面积为 _____ 大观严选题 —— 澄潇宇 第 320 页，共 767 页
321	324	i.iii. ii. i. ii. ii. ii. ii. ii2022 数二	(a.c.b.a.b.b.b) 三叶玫瑰线 i.iii. ii. i. ii. ii. ii. ii. ii2022 数二 已知曲线 L 的极坐标方程为 r = sin3θ 0≤θ≤ π 3  
322	325	i.iii.ii.i.ii.ii.ii.ii1993 数一;880 第三章综合填空 4; 基础严选第六章选择 2; 李正元例 3.54 - 1	(a.c.b.a.b.b.c) 双纽线 i.iii.ii.i.ii.ii.ii.ii1993 数一;880 第三章综合填空 4; 基础严选第六章选择 2; 李正元例 3.54 - 1 (2) 双纽线 x 2+y 2  2 = x
323	326	(a.c.b.a.b.c.a)2012 数一	i.iii.ii.i.ii.iii) 参数方程 (a.c.b.a.b.c.a)2012 数一 已知曲线 L: x= f t , y=cost , 0≤t< π 2   
324	327	i.iii.ii.ii.ii.i1.ii)2010 数三	(1.3.2.1.3) 旋转体体积 i.iii. ii. i.iii. i) 绕坐标轴旋转 (a.c.b.a.c.a.a) 常规 i.iii.ii.ii.ii.i1.ii)2010 数三 (10) 设位于曲线 y = 1 x 1+ln2
325	328	i.iii. ii. i. ii. i. ii. ii)2023 数二三	i.iii. ii. i. ii. i. ii. ii)2023 数二三 【例 3.47】 (2023, 数二、三) 设区域 D = x,y 0≤y≤ 1 x 1+x  2  ,x≥1
326	329	i.iii.ii.i.iii.i.ii)2019 数二三	i.iii.ii.i.iii.i.ii)2019 数二三 设函数 yx 是微分方程 y  - xy = 1 2 x e
327	330	i.iii.ii.i.iii.i.ii.)2021 数三	i.iii.ii.i.iii.i.ii.)2021 数三 (13) 设平面区域 D 由曲线 y = x sinπx0≤x≤1 与 x 轴围成，则 D 绕 x 轴旋转所成的旋转体的 体积为 _____ 大观严选题 —— 澄潇宇 第 327 页，共 767 页
328	331	i.iii. ii. i.ii.i. i. i.v)2009 数二	i.iii. ii. i.ii.i. i. i.v)2009 数二 设非负函数 y = yx x≥0 满足微分方程 xy - y  + 2 = 0, 当曲线 y = yx 过原点时, 其与直 线 x = 1 及 y = 0 围成平面区域 D 的面积为 2, 求 D 绕 y 轴旋转所得旋转体体积. 大观严选题 —— 澄潇宇 第 328 页，共 767 页
329	332	i.iii. ii. i.ii.i.i.ii.i)1994 数三;880 第三章综合解答 36 已知曲线 y = a x a>0 与曲线 y = ln x 在点	(a.c.b.a.c.a.b) 补全作差 i.iii. ii. i.ii.i.i.ii.i)1994 数三;880 第三章综合解答 36 已知曲线 y = a x a>0 与曲线 y = ln x 在点 x0 ,y  0 处有公共切线, 求: (1) 常数 a 及切点 x0 ,y  0 ； (2) 两曲线与 x 轴围成的平面图形绕 x 轴旋转所得旋转体的体积 Vx. 大观严选题 —— 澄潇宇
330	333	i.iii.ii.i.ii.ii.i.ii.ii)2012 数二	i.iii.ii.i.ii.ii.i.ii.ii)2012 数二 过点 0,1 作曲线 L:y = lnx 的切线, 切点为 A, 又 L 与 x 轴交于 B 点, 区域 D 由 L 与直线 AB 围成.求区 域 D 的面积及 D 绕 x 轴旋转一周所得旋转体的体积. 大观严选题 —— 澄潇宇 第 330 页，共 767 页
331	334	i.iii.ii.i.iii.i.ii.ii. iii)2020 数二;30 例	i.iii.ii.i.iii.i.ii.ii. iii)2020 数二;30 例 设函数 f x 的定义域为 0,+∞ 且满足 2f x + x 2 f 1 x  =
332	335	i.iii.ii.i.ii.i.i.ii.iv)2020 数三	i.iii.ii.i.ii.i.i.ii.iv)2020 数三 (12) 设平面区域 D = x,y  x 2 ≤y≤ 1 1+x  2
333	336	i.iii. ii. i.iii. i.iii. i2015 数二	(a.c.b.a.c.a.c) 体积关系 i.iii. ii. i.iii. i.iii. i2015 数二 设 A > 0,D 是由曲线段 y = Asinx 0≤x≤ π 2  及直线 y = 0,x =
334	337	i.iii.ii.i.ii.i.iv.i)2024 数二	(a.c.b.a.c.a.d) 旋转体最值 i.iii.ii.i.ii.i.iv.i)2024 数二 19.设 t > 0, 求曲线 y = x e-x与直线 x = t,x = 2t 及 x 轴所围平面图形, 绕 x 轴旋转所得的旋转体体积 为 V t , 求 V t 的最大值. 大观严选题 —— 澄潇宇 第 334 页，共 767 页
335	338	i.iii.ii.i.iii.ii.i11996 数二；武基础严选第 6 章选择 4	i.iii. ii. i.ii.ii) 绕坐标轴平行线转 (a.c.b.a.c.b.a) 常规 i.iii.ii.i.iii.ii.i11996 数二；武基础严选第 6 章选择 4 (5) 设 f x ,gx 在区间 a,b 上连续, 且 gx < f x < m(m 为常数), 由曲线 y = gx ,y = f x , x = a 及 x = b 所围平面图形绕直线 y = m 旋转而成的旋转体体积为 (
336	339	i.iii. ii. i. ii. ii. ii. ii. i)1993 数二;880 第三章综合解答 39; 李正元例 3.55	(a.c.b.a.c.b.b) 圆域 i.iii. ii. i. ii. ii. ii. ii. i)1993 数二;880 第三章综合解答 39; 李正元例 3.55 设平面图形 A 由 x 2+ y 2 ≤ 2x 与 y ≥ x 所确定, 求图形 A 绕直线 x = 2 旋转一周所得旋转体的 体积. 大观严选题 —— 澄潇宇
337	340	i.iii.ii.i.ii.ii.ii.ii.ii2003 数一	(a.c.b.a.c.b.c) 切线 i.iii.ii.i.ii.ii.ii.ii.ii2003 数一 过坐标原点作曲线 y = lnx 的切线, 该切线与曲线 y = lnx 及 x 轴围成平面图形 D. (I) 求 D 的面积 A; (II) 求 D 绕直线 x = e 旋转一周所得旋转体的体积 V. 大观严选题 —— 澄潇宇 第 337 页，共 767 页
338	341	i.iii. ii. i. ii. ii. ii. iv. i)1994 数二;880 第三章综合解答 51;30 习题 10.9	(a.c.b.a.c.b.d) 复杂区域 i.iii. ii. i. ii. ii. ii. iv. i)1994 数二;880 第三章综合解答 51;30 习题 10.9 求曲线 y = 3 - x 2-1 与 x 轴围成的封闭图形绕直线 y = 3 旋转所得的旋转体体积. 大观严选题 —— 澄潇宇 第 338 页，共 767 页
339	342	i.iii.ii.i.ii.ii.iv. ii)2014 数二	i.iii.ii.i.ii.ii.iv. ii)2014 数二 已知函数 f x,y 满足 ∂f ∂y = 2 y+1 , 且 f  y,y =  y+1 2- 2-y lny, 求曲线 f x,y = 0 所围图形绕 直线 y =-1 旋转所成旋转体的体积. 大观严选题 —— 澄潇宇 第 339 页，共 767 页
340	343	i.iii.ii.i.iv.i)∞ ∘ 1000;880 第三章基础解答 22	(1.3.2.1.4) 平行截面面积已知的立体体积 i.iii.ii.i.iv.i)∞ ∘ 1000;880 第三章基础解答 22 2.如图所示, 设立体的底是 xOy 平面上介于 y = x 2- 1 和 y = 0 之间的平面区域, 该立体垂直于 x 轴的 任一截面是一个等边三角形, 则此立体的体积为 ( ). A. 3 15 B. 2 3
341	344	i.iii.ii.i.v.i.i.i.i)2023 数二	(1.3.2.1.5) 弧长 (数一二) i.iii. ii. i.v.i) 直角坐标 (a.c.b.a.e.a.a) 隐含范围 i.iii.ii.i.v.i.i.i.i)2023 数二 曲线 y = x- 3 3-t2  dt 的弧长 s = _____. 大观严选题 —— 澄潇宇
342	345	i.iii.ii.i.v.i.ii.i)1992 数二;30 例 10.	(a.c.b.a.e.a.b) 已知范围 i.iii.ii.i.v.i.ii.i)1992 数二;30 例 10. 10 计算曲线 y = ln 1-x 2  上相应于 0 ≤ x ≤ 1
343	346	i.iii.ii.i.v.i.ii.ii)2011 数一二	i.iii.ii.i.v.i.ii.ii)2011 数一二 曲线 y = x0 tan  tdt 0≤x≤ π
344	347	i.iii.ii.i.v.i.ii.iii)2019 数二	i.iii.ii.i.v.i.ii.iii)2019 数二 12.曲线 y = lncosx 0≤x≤ π 6  的弧长为 _____ 大观严选题 —— 澄潇宇 第 344 页，共 767 页
345	348	i.iii.ii.i.v.i.ii.iv)2022 数二	i.iii.ii.i.v.i.ii.iv)2022 数二 设函数 yx 是微分方程 2xy - 4y = 2lnx - 1 的满足条件 y1 = 1 4 的解, 求曲线 y = yx 1≤x≤e  的弧长. 大观严选题 —— 澄潇宇 第 345 页，共 767 页
346	349	i.iii.ii.i.v.i.ii.v)2003 数二	i.iii.ii.i.v.i.ii.v)2003 数二 设位于第一象限的曲线 y = f x 过点 2 2 , 1  2  , 其上任一点 Px,y 处的法线与 y 轴的交点为 Q, 且
347	350	(a.c.b.a.e.b.a)1996 数一	i.iii.ii.i.v.ii) 极坐标 (a.c.b.a.e.b.a)1996 数一 心形线 r = a1+cosθ a>0 的弧长为 _____. 大观严选题 —— 澄潇宇 第 347 页，共 767 页
348	351	(a.c.b.a.e.b.b)2010 数二	(a.c.b.a.e.b.b)2010 数二 当 0 ≤ θ ≤ π 时，对数螺线 r = e θ的弧长为 _____ 大观严选题 —— 澄潇宇 第 348 页，共 767 页
349	352	(a.c.b.a.e.c.a)1995 数二	i.iii.ii.i.v.iii) 参数方程 (a.c.b.a.e.c.a)1995 数二 求摆线 x=1-cost, y=t-sint   一拱 0≤t≤2π 的弧长 s. 大观严选题 —— 澄潇宇
350	353	(a.c.b.a.f .a.a)1998 数二;660 数二 129;30 例 10.12	(1.3.2.1.6) 表 (侧) 面积 (数一二) i.iii. ii. i. i. vi. i) 直角坐标 (a.c.b.a.f .a.a)1998 数二;660 数二 129;30 例 10.12 设有曲线 y = x-1 , 过原点作其切线, 求由此曲线、切线及 x 轴围成的平面图形绕 x 轴旋转一周所 得到的旋转体的表面积. 大观严选题 —— 澄潇宇 第 350 页，共 767 页
351	354	(a.c.b.a.f .a.b)2004 数二	(a.c.b.a.f .a.b)2004 数二 曲线 y = e x+e-x 2 与直线 x = 0,x = tt>0 及 y = 0 围成一曲边梯形.该曲边梯形绕 x 轴旋转一周得一 旋转体, 其体积为 V t , 侧面积为 St , 在 x = t 处的底面积为 Ft . (1) 求 St 
352	355	(a.c.b.a.f .a.c)2021 数二	(a.c.b.a.f .a.c)2021 数二 设函数 f x 满足  f x  x dx = 1
353	356	(a.c.b.a.f .b.a)2016 数二	i.iii.ii.i.i.vi.ii) 参数方程 (a.c.b.a.f .b.a)2016 数二 设 D 是由曲线 y = 1-x 2 0≤x≤1 与 x=cos3
354	357	i.iii.ii.ii.i.i.i)2017 数二	a.c.b.b) 物理应用 (数一二) (1.3.2.2.1) 路程 i.iii.ii.ii.i.i.i)2017 数二 (6) 甲、乙两人赛跑，计时开始时，甲在乙前方 10(单位:m) 处.图中，实线表示甲的速度曲线 v = v1 t (单位:m/s), 虚线表示乙的速度曲线 v = v2
355	358	i.iii.ii.ii.ii.ii2024 数二	i.iii.ii.ii.ii.ii2024 数二 某物体以速度 vt = t + ksinπt 做直线运动, 若它从 t = 0 到 t = 3 的时间段内平均速度是 5 2 , 则 k = _ ____. 大观严选题 —— 澄潇宇 第 355 页，共 767 页
356	359	i.iii.ii.ii.ii.i)2010 数二	(1.3.2.2.2) 质量 i.iii.ii.ii.ii.i)2010 数二 一个高为 l 的柱体形贮油罐, 底面是长轴为 2a, 短轴为 2b 的椭圆.现将贮油罐平放, 当油罐中油面高 度为 3 2 b 时 (如图), 计算油的质量.(长度单位为 m, 质量单位为 kg, 油的密度为常量 ρ, 单位为 kg/m3
357	360	(a.c.b.b.c.a.a)1991 数二; 基础严选第六章选择 5	(1.3.2.2.3) 受力 i.iii.ii.ii.iii.ii.i) 万有引力 (a.c.b.b.c.a.a)1991 数二; 基础严选第六章选择 5 (5) 如图， x 轴上的一线密度为常数 μ，长度为 l 的细杆，若质量为 m 的质点到杆右端的距离为 a, 已 知引力系数为 k, 则质点和细杆之间引力的大小为 ( ) A.
358	361	(a.c.b.b.c.a.b)2025 数二	(a.c.b.b.c.a.b)2025 数二 6.设单位质点 P,Q 分别位于点 0,0 和 0,1 处, P 从点 0,0 出发沿 x 轴正向移动, 记 G 为引力常量, 则当质点 P 移动到点 l,0 时, 克服质点 Q 的引力所做的功为 A. l0 G x 2+1
359	362	(a.c.b.b.c.a.c)2026 数二	(a.c.b.b.c.a.c)2026 数二 设线密度为 1 的均匀细棒的两个端点分别在 -1,0 ,1,0 , 在 0,1 处有一个质量为 m 的质点, G 为 引力常数，则细棒对质点的万有引力为 ( ) A. 2 1 0 Gmx
360	363	(a.c.b.b.c.b.a)2020 数二;	i.iii.ii.ii.iii.ii) 液体压力 (a.c.b.b.c.b.a)2020 数二; 12 斜边长为 2a 的等腰直角三角形平板铅直地沉没在水中, 且斜边与水面相齐.记重力加速度为 g， 水的密度为 ρ，则该平板一侧所受的水压力为 _____. 大观严选题 —— 澄潇宇 第 360 页，共 767 页
361	364	i.iii.ii.ii.iv.i.i.i)2011 数二	(1.3.2.2.4) 做功 i.iii. ii. ii. iv. i) 克服重力做功 (a.c.b.b.d.a.a) 抽水做工 i.iii.ii.ii.iv.i.i.i)2011 数二 一容器的内侧是由右图中曲线绕 y 轴旋转一周而成的曲面, 该曲线由 x 2+ y 2 = 2y y≥
362	365	i.iii.ii.ii.iv.i.ii.i)1999 数一二	(a.c.b.b.d.a.b) 提拉物体 i.iii.ii.ii.iv.i.ii.i)1999 数一二 为清除井底的污泥，用缆绳将抓斗放入井底，抓起污泥后提出井口 (如图).已知井深 30m，抓斗自 重 400N，缆绳每米重 50N，抓斗抓起的污泥重 2000N，提升速度为 3m/s.在提升过程中，污泥以 20N/s 的速率从抓斗缝隙中漏掉. 现将抓起污泥的抓斗提升至井口，问克服重力需作多少焦耳的功? (说明: ① 1N × 1m = 
363	366	(a.c.b.b.d.b.a)2003 数一	i.iii.ii.ii.iv. ii) 打桩 (a.c.b.b.d.b.a)2003 数一 某建筑工程打地基时，需用汽锤将桩打进土层. 汽锤每次击打，都将克服土层对桩的阻力而做功.设 土层对桩的阻力的大小与桩被打进地下的深度成正比 (比例系数为 k,k > 0), 汽锤第一次击打将桩打 进地下 am .根据设计方案，要求汽锤每次击打桩时所作的功与前一次击打时所作的功之比为常数 r0<r<1 .问
364	367	(a.c.b.b.e.a.a)2013 数二;30 例 10.9	(1.3.2.2.5) 形心质心 i.iii.ii.ii.v.i) 平面 (a.c.b.b.e.a.a)2013 数二;30 例 10.9 设曲线 L 的方程为 y = 1 4
365	368	(a.c.b.b.e.b.a)2014 数二	i.iii.ii.ii.vi.ii) 线 (a.c.b.b.e.b.a)2014 数二 (13) 一根长度为 1 的细棒位于 x 轴的区间 0,1 上, 若其线密度 ρx =-x 2+ 2x + 1，则该细棒的质 心坐标 x = ______. 大观严选题 —— 澄潇宇
366	369	(1.3.3.1.1)1987 数三	1.3.3.反常积分审敛 a.c.c.a) 审敛 (1.3.3.1.1)1987 数三 (3) 下列广义积分收敛的是 ( ) A. +∞
367	370	(1.3.3.1.2)1995 数三;660 数二 344	(1.3.3.1.2)1995 数三;660 数二 344 (2) 下列广义积分发散的是 ( ) A. 1-1 1 sinx  dx B.
368	371	(1.3.3.1.3)2015 数二	(1.3.3.1.3)2015 数二 (1) 下列反常积分中收敛的是 ( ) A. +∞ 2 1 x
369	372	(1.3.3.1.4)2019 数二	(1.3.3.1.4)2019 数二 3.下列反常积分发散的是 ( ) A. +∞ 0 x  e-xdx. B.
370	373	(1.3.3.1.5)2024 数二	(1.3.3.1.5)2024 数二 设非负函数 f x 在 [0, +∞) 上连续, 给出以下三个命题: ①若 +∞ 0 f 2  x dx 收敛，则
371	374	(1.3.3.1.6)2016 数二	(1.3.3.1.6)2016 数二 (3) 反常积分① 0-∞ 1 x  2 e
372	375	i.iii.iii.ii.i.i.)2016 数一	a.c.c.b) 敛散性和参数的关系 i.iii.iii.ii.i.i.)2016 数一 (1) 若反常积分 +∞ 0 1 x
373	376	i.iii.iii.ii.ii.i)2010 数一数二	(1.3.3.2.2) 与 ln 有关 i.iii.iii.ii.ii.i)2010 数一数二 (3) 设 m,n 均是正整数，则反常积分 1 0 m ln2
374	377	i.iii.iii.ii.ii.ii)2013 数二	i.iii.iii.ii.ii.ii)2013 数二 (4) 设函数 f x = 1 x-1 α-1 , 1<x<e, 1 xlnα+1x
375	378	i.iii.iii.ii.ii.ii.iii)2022 数二;1000 第八章强化 12	i.iii.iii.ii.ii.ii.iii)2022 数二;1000 第八章强化 12 (5) 设 p 为常数，若反常积分 1 0 lnx x
376	379	i.iii.iii. ii.ii.i)2025 数二三	(1.3.3.2.3) 含参有理式 i.iii.iii. ii.ii.i)2025 数二三 设 +∞ 1 a x2x+a 
377	380	i.iii.iii.ii.iv.i)2026 数二三; 基础严选第五章选择 7	(1.3.3.2.4) 其他 i.iii.iii.ii.iv.i)2026 数二三; 基础严选第五章选择 7 13.已知 p 为实数，反常积分 +∞ 0 arctanx x
378	381	(1.3.4.1.1)1997 数一二	1.3.4.其他积分题型 a.c.d.a) 定积分几何意义 (1.3.4.1.1)1997 数一二 (2) 设在区间 a,b 上函数 f x > 0,f  x < 0,f  x > 0.令 S1 = b
379	382	(1.3.4.1.2)2007 数一二三	(1.3.4.1.2)2007 数一二三 (3) 如图连续函数 y = f x 在区间 -3,-2 ,2,3 上的图形分别是直径为 1 的上、下半圆周, 在区间 -2,0 ,0,2 上的图形分别是直径为 2 的下、上半圆周.设 Fx = x0 f  t dt, 则下列结论正确的是 ( ) A. F3 =-
380	383	(1.3.4.1.3)2008 数二三	(1.3.4.1.3)2008 数二三 (2) 如图，曲线段的方程为 y = f x ，函数 f x 在区间 0,a 上有连续的导数，则定积分 a 0 x  f  x dx 等于 ( ). A. 曲边梯形 ABOD 的面积 B. 梯形 ABOD 的面积
381	384	(1.3.4.2.1)2006 数二	a.c.d.b) 积分三大定理 (1.3.4.2.1)2006 数二 (8) 设 f x 是奇函数，除 x = 0 外处处连续， x = 0 是其第一类间断点，则 x0 f  t dt 是 ( ). A. 连续的衙函数 B. 连续的偶函数 C. 在 x = 0 间断的奇函数 D. 在 x = 0 间断的偶函数
382	385	(1.3.4.2.2)2009 数一二三;30 例 8.11	(1.3.4.2.2)2009 数一二三;30 例 8.11 (6) 设函数 y = f x 在区间 -1,3 上的图形如图所示, 则函数 Fx = x0 f  t dt 的图形为 ( ) A. B. C. D. 大观严选题 —— 澄潇宇 第 382 页，共 767 页
383	386	(1.3.4.2.3)2013 数二;880 第三章基础选择 4	(1.3.4.2.3)2013 数二;880 第三章基础选择 4 (3) 设函数 f x = sinx, 0≤x<π, 2, π≤x≤2π,Fx = x0 f   t dt 
384	387	(1.3.4.3.1)1997 数三	a.c.d.c) 已知积分等式 (1.3.4.3.1)1997 数三 若函数 f x = 1 1+x 2 + 1-x
385	388	(1.3.4.3.2)2014 数一	(1.3.4.3.2)2014 数一 (4) 若 π-π x-a1cosx-b1  sinx 2  dx = min a,b∈R π-π x-acosx-bsinx 2
386	389	(1.3.4.4.1)1994 数一二	a.c.d.d) 定积分比大小 (1.3.4.4.1)1994 数一二 (5) 设 M = π 2- π
387	390	(1.3.4.4.2)2003 数二	(1.3.4.4.2)2003 数二 (5) 设 I1 = π 40 tanx x
388	391	(1.3.4.4.3)2010 数一二三;30 例 11.4	(1.3.4.4.3)2010 数一二三;30 例 11.4 (I) 比较 1 0 lnt  ln1+t ndt 与 1
389	392	(1.3.4.4.4)2011 数一二三	(1.3.4.4.4)2011 数一二三 (6) 设 I = π 40 ln  sinx dx,J = π
390	393	(1.3.4.4.5)2012 数一二	(1.3.4.4.5)2012 数一二 (4) 设 Ik = kπ 0 e x 2
391	394	(1.3.4.4.6)2018 数一二三;660 数二 339	(1.3.4.4.6)2018 数一二三;660 数二 339 (5) 设 M = π 2- π 2 1+x 2
392	395	(1.3.4.4.7)2022 数一二三	(1.3.4.4.7)2022 数一二三 (7) 若 I1 = 1 0 x 21+cosx   dx,I2 =
393	396	(1.3.4.5.1)1987 数一二	a.c.d.e) 判断定积分值正负 / 与参数相关性 (1.3.4.5.1)1987 数一二 (2) 设 f x 为已知连续函数， I = t s t 0 f  tx dx，其中 s > 0,t > 0，则 I 的值 ( )
394	397	(1.3.4.5.2)1997 数一二;880 第三章综合选择 2	(1.3.4.5.2)1997 数一二;880 第三章综合选择 2 (4) 设 Fx = x+2π x e sint  sintdt，则 Fx ( ) A. 为正常数. B. 为负常数. C. 恒为零. D. 不为常数. 大观严选题 —— 澄潇宇
395	398	(1.3.4.5.3)2024 数三	(1.3.4.5.3)2024 数三 (2) 设 I = a+kπ a sinx  dx,k 为整数，则 I 的值 A. 只与 a 有关. B. 只与 k 有关. C. 与 a,k 均有关. D. 与 a,k 均无关. 大观严选题 —— 澄潇宇
396	399	(1.3.4.6.1)1998 数一二； 880 第三章基础填空 4	(1.3.4.6.1)1998 数一二； 880 第三章基础填空 4 设 f x 连续，则 d dx x0 tf  x 2-t2
397	400	(1.3.4.6.2)2015 数二三;880 第三章综合填空 10	(1.3.4.6.2)2015 数二三;880 第三章综合填空 10 设函数 f x 连续， φx = x 2 0 xf  t dt.若 φ1 = 1， φ  1 = 5，则 f 1 = _____. 大观严选题 —— 澄潇宇 第 397 页，共 767 页
398	401	(1.3.4.6.3)2009 数三	(1.3.4.6.3)2009 数三 (3) 使不等式 x1 sint t  dt > lnx 成立的 x 的范围是 ( ) A. 0,1 . B. 1, π 2
399	402	(1.4.1.1.1)1994 数一	四、多元微分 1.4.1.概念题 a.d.a.a) 基本概念题 (1.4.1.1.1)1994 数一 (2) 二元函数 f x,y 在点 x0 ,y  0 处两个偏导数 f
400	403	(1.4.1.1.2)2002 数一;26 版 660 数一二三第 239 题	(1.4.1.1.2)2002 数一;26 版 660 数一二三第 239 题 (1) 考虑二元函数 f x,y 的下面 4 条性质: ① f x,y 在点 x0 ,y  0 处连续; ② f x,y 在点 x0 ,y  0 处的两个偏导数连续; ③ f x,y 在点 x0 ,y  0 处可微; ④ f x,y 在点 x0
401	404	(1.4.1.1.3)2007 数二	(1.4.1.1.3)2007 数二 (7) 二元函数 f x,y 在点 0,0 处可微的一个充分条件是 ( ). A. lim x,y →0,0   f x,y - f 0,0 = 0 B. limx→0 f x,0 - f 0,0 
402	405	(1.4.1.2.1)2020 数二	a.d.a.b) 已知具体多元函数判断其他 (1.4.1.2.1)2020 数二 5.关于函数 f x,y = xy, xy≠0, x, y=0, y, x=0,   
403	406	(1.4.1.2.2)2024 数二	(1.4.1.2.2)2024 数二 5.已知函数 f x,y = x 2+y 2  sin 1
404	407	(1.4.1.2.3)1997 数一	(1.4.1.2.3)1997 数一 (1) 二元函数 f x,y = xy x 2+y 2
405	408	i.iv.ii.i.i.i.)2012 数三;26 版 660 数一二三第 99 题	1.4.2.重极限 a.d.b.a) 已知重极限推导其他 (1.4.2.1.1 已知重极限求偏导 / 判断可微 / 求全微分 i.iv.ii.i.i.i.)2012 数三;26 版 660 数一二三第 99 题 设连续函数 z = f x,y 满足 lim x→0 y→1
406	409	i.iv.ii.i.i.ii)2012 数一	i.iv.ii.i.i.ii)2012 数一 (3) 如果函数 f x,y 在点 0,0 处连续，那么下列命题正确的是 ( ) A. 若极限 lim x→0 y→0 f x,y 
407	410	i.iv.ii.i.i.ii.i)2003 数一	(1.4.2.1.2) 已知重极限求多元复合函数极值 i.iv.ii.i.i.ii.i)2003 数一 (3) 已知函数 f x,y 在点 0,0 的某个邻域内连续，且 lim x→0 y→0 f x,y -xy
408	411	(a.d.c.a.a.a.a)2008 数三	1.4.3.偏导数 a.d.c.a) 多元函数求偏导 (1.4.3.1.1 一阶偏导 i.iv.iii.i.i.i) 判断偏导存在 (a.d.c.a.a.a.a)2008 数三 (3) 已知 f x,y = e x
409	412	(a.d.c.a.a.a.b)2023 数三	(a.d.c.a.a.a.b)2023 数三 1.已知函数 f x,y = ln y+xsiny , 则 ( ). A. ∂f ∂x  0,1 不存在, ∂f ∂y  0,1  存在 B. ∂f
410	413	(a.d.c.a.a.b.a)2009 数三	i.iv.iii.i.i.ii) 常规 (a.d.c.a.a.b.a)2009 数三 设 z = x+e y   x , 则
411	414	(a.d.c.a.a.b.b)2016 数二三;880 第四章基础选择 9	(a.d.c.a.a.b.b)2016 数二三;880 第四章基础选择 9 (2) 已知函数 f x,y = e x x-y ，则 ( ) A. f
412	415	(a.d.c.a.a.c.a)2015 数二	i.iv.iii. i. i.ii) 考察换元思想 (a.d.c.a.a.c.a)2015 数二 (5) 设函数 f u,v 满足 f x+y, y  x = x 2- y 2，则 ∂f
413	416	i.iv.iii.i.ii.i)2011 数一;880 第四章基础填空 12	(1.4.3.1.2) 二阶偏导 i.iv.iii.i.ii.i)2011 数一;880 第四章基础填空 12 设函数 Fx,y = xy 0 sint 1+t  2 dt, 则 ∂
414	417	i.iv.iii.i.ii.ii)2020 数一;26 版 1000 第十三章强化 10	i.iv.iii.i.ii.ii)2020 数一;26 版 1000 第十三章强化 10 设函数 f x,y = xy 0 e xt2  dt, 则 ∂
415	418	i.iv.iii. i. ii.iii)2022 数二三	i.iv.iii. i. ii.iii)2022 数二三 (4) 已知 f t 连续，令 Fx,y = x-y 0 x-y-t   f t dt，则 ( ) A. ∂F
416	419	i.iv.iii.ii.i.i.i)2019 数一	a.d.c.b) 多元复合函数求偏导 (1.4.3.2.1 f u i.iv.iii.ii.i.i.i)2019 数一 设函数 f u 可导,z = f siny-sinx + xy, 则 1 cosx ⋅ ∂z
417	420	i.iv.iii.ii.ii.ii2022 数一;26 版 1000 第十三章基础 14	i.iv.iii.ii.ii.ii2022 数一;26 版 1000 第十三章基础 14 (2) 设 f u 可导， z = xyf y  x ，若 x ∂z ∂x + y
418	421	i.iv.iii.ii.ii.i)2026 数二	(1.4.3.2.2)f u,v  i.iv.iii.ii.ii.i)2026 数二 设函数 f x,y 可微, 且满足 df 0,0 = πdx + 3dy,gx = f lnx,sinπx , 则 g  1 = _____. 大观严选题 —— 澄潇宇 第 418 页，共 767 页
419	422	i.iv.iii.ii.ii.ii.ii)2024 数一	i.iv.iii.ii.ii.ii.ii)2024 数一 设函数 f u,v 具有 2 阶连续偏导数, 且 df  1,1 = 3du + 4dv.令 y = f(cosx, 1+x 2 , 则 d 2y
420	423	i.iv.iii.ii.ii.iii. iii)2011 数一二	i.iv.iii.ii.ii.iii. iii)2011 数一二 设函数 z = f xy,ygx  , 其中函数 f 具有二阶连续偏导数, 函数 gx 可导, 且在 x = 1 处取得极值 g1 = 1.求 ∂ 2 z
421	424	i.iv.iii.ii.ii.iv)2019 数三	i.iv.iii.ii.ii.iv)2019 数三 设函数 f u,v 具有 2 阶连续偏导数, 函数 gx,y = xy - f x+y,x-y .求 ∂ 2g ∂x 2 +
422	425	i.iv.iii.ii.ii.v)2024 数二	i.iv.iii.ii.ii.v)2024 数二 函数 f u,v 具有 2 阶连续偏导数, 且函数 gx,y = f 2x+y,3x-y 满足 ∂ 2g ∂x 2 + ∂
423	426	i.iv.iii.ii.ii.vi)2011 数三	i.iv.iii.ii.ii.vi)2011 数三 已知函数 f u,v 具有二阶连续偏导数, f 1,1 = 2 是 f u,v 的极值,z = f x+y,f x,y  .求 ∂ 2 z ∂x∂y  1,1 
424	427	i.iv.iii.iii.ii. i)2010 数二	a.d.c.c) 利用变量代换化简偏微分方程 (1.4.3.3.1 线性变换 i.iv.iii.iii.ii. i)2010 数二 设函数 u = f x,y 具有二阶连续偏导数, 且满足等式 4 ∂ 2u ∂x 2 + 12 ∂
425	428	i.iv.iii.iii.ii.i)2019 数二	(1.4.3.3.2) 非线性变换 i.iv.iii.iii.ii.i)2019 数二 已知函数 ux,y 满足 2 ∂ 2u ∂x 2 - 2 ∂
426	429	i.iv.iii.iv.i.i.i.i.i)2013 数三	a.d.c.d) 多元隐函数求偏导 (1.4.3.4.1 一个方程三个未知数 (常规) i.iv.iii.iv.i.i) 一阶 (a.d.c.d.a.a.a) 具体 i.iv.iii.iv.i.i.i.i.i)2013 数三 设函数 z = zx,y 由方程 z+y x = xy 确定，则 ∂z ∂x  1,2 = _____. 大观严选题 —— 澄潇宇
427	430	i.iv.iii.iv.i.i.i.ii)2021 数二	i.iv.iii.iv.i.i.i.ii)2021 数二 设函数 z = zx,y 由方程 x+1 z + ylnz - arctan2xy = 1 确定，则 ∂z ∂x  0,2 = _____. 大观严选题 —— 澄潇宇 第 427 页，共 767 页
428	431	i.iv.iii.iv.i.i.ii.iii)2025 数二	i.iv.iii.iv.i.i.ii.iii)2025 数二 1.设函数 z = zx,y 由 z + lnz - x y e-t2  dt = 0 确定, 则 ∂z
429	432	i.iv.iii.iv.i.i.ii.i)2010 数一二	(a.d.c.d.a.a.b) 抽象 i.iv.iii.iv.i.i.ii.i)2010 数一二 (2) 函数 z = zx,y 由方程 F y x , z  x = 0 确定，其中 F 为可微函数，且 F
430	433	i.iv.iii.iv.i.i.ii.i)2005 数一;880 第四章基础选择 5	(a.d.c.d.a.a.c) 隐函数存在定理 i.iv.iii.iv.i.i.ii.i)2005 数一;880 第四章基础选择 5 (10) 设有三元方程 xy - zlny + e xz = 1, 根据隐函数存在定理, 存在点 0,1,1 的一个邻域, 在此邻域内 该方程 ( ) A. 只能确定一个具有连续偏导数的隐函数 z = zx,y . B. 可确定两个具有连续偏导数的隐函数 y = yx,z 和 z = zx,
431	434	(a.d.c.d.a.b.a)2025 数三	i.iv.iii.iv.i.ii) 二阶 (a.d.c.d.a.b.a)2025 数三 已知函数 z = zx,y 由 z + lnz - x y x  e-t2dt = 1 确定，则 ∂
432	435	i.iv.iii.iv.ii.i)1999 数一	(1.4.3.4.2) 两个方程三个未知数 i.iv.iii.iv.ii.i)1999 数一 设 y = yx ,z = zx 是由方程 z = xf x+y 和 Fx,y,z = 0 所确定的函数, 其中 f 和 F 分别具有一阶 连续导数和一阶连续偏导数, 求 dz dx
433	436	i.iv.iii.iv.ii.ii)2001 数三	i.iv.iii.iv.ii.ii)2001 数三 设 u = f x,y,z 有连续的一阶偏导数, 又函数 y = yx 及 z = zx 分别由下列两式确定:e xy- xy = 2 和 e x = x-z 0 sint
434	437	i.iv.iii.v.i.i)2011 数三	a.d.c.e) 求全微分 (1.4.3.5.1 具体 i.iv.iii.v.i.i)2011 数三 设函数 z = 1+ x  y  x
435	438	i.iv.iii.v.i.ii)2020 数二三	i.iv.iii.v.i.ii)2020 数二三 11.设 z = arctanxy+sinx+y , 则 dz 0,π = _____. 大观严选题 —— 澄潇宇 第 435 页，共 767 页
436	439	i.iv.iii.v.i.iii)2015 数一三	i.iv.iii.v.i.iii)2015 数一三 若函数 z = zx,y 由方程 e z+ xyz + x + cosx = 2 确定，则 dz 0,1 = ______. 大观严选题 —— 澄潇宇 第 436 页，共 767 页
437	440	i.iv.iii.v.ii.i)2016 数一三;25 版 660 数一二三第 102 题	(1.4.3.5.2) 抽象 i.iv.iii.v.ii.i)2016 数一三;25 版 660 数一二三第 102 题 设函数 f u,v 可微,z = zx,y 由方程 x+1 z - y 2 = x 2 f x-z,y 确定, 则 dz 0,1 = ______. 大观严选题 —— 澄潇宇
438	441	i.iv.iii.v.ii.ii)2021 数一二三	i.iv.iii.v.ii.ii)2021 数一二三 (6) 设函数 f x,y 可微, 且 f x+1,e x  = xx+1 2 ,f x,x 2
439	442	(1.4.3.6.1)2017 数二三	a.d.c.f) 已知全微分求多元函数 (偏积分) (1.4.3.6.1)2017 数二三 (12) 设函数 f x,y 具有一阶连续偏导数, 且 df x,y = ye ydx + x1+y e ydy,f 0,0 = 0, 则 f x,y = 大观严选题 —— 澄潇宇 第 439 页，共 767 页
440	443	(1.4.4.1.1)2017 数二	1.4.4.多元微分应用 a.d.d.a) 单调性 (1.4.4.1.1)2017 数二 (5) 设 f x,y 具有一阶偏导数, 且对任意的 x,y 都有 ∂f x,y  ∂x > 0, ∂f x,y 
441	444	i.iv.iv.ii.i.i.i)2011 数一	a.d.d.b) 无条件极值 (1.4.4.2.1 概念题 i.iv.iv.ii.i.i.i)2011 数一 3 设函数 f x 具有二阶连续导数, 且 f x > 0,f  0 = 0, 则函数 z = f x lnf  y 在点 0,0 处取得极 小值的一个充分条件是 ( ) A. f 0 > 1,f  0 > 0. B. f 0 > 1,f 
442	445	i.iv.iv.ii.ii.i)2021 数三	(1.4.4.2.2) 直接给出函数 i.iv.iv.ii.ii.i)2021 数三 求函数 f x,y = 2lnx + x-1 2+y 2 2x
443	446	i.iv.iv.ii.ii.ii)2009 数一三;26 版 660 数一二三第 94 题	i.iv.iv.ii.ii.ii)2009 数一三;26 版 660 数一二三第 94 题 求二元函数 f x,y = x 2 2+y 2  + ylny 的极值. 大观严选题 —— 澄潇宇 第 443 页，共 767 页
444	447	i.iv.iv.ii.ii.iii)2012 数一二;880 第四章综合解答 9	i.iv.iv.ii.ii.iii)2012 数一二;880 第四章综合解答 9 求函数 f x,y = xe￾x 2+y 2 2 的极值. 大观严选题 —— 澄潇宇 第 444 页，共 767 页
445	448	i.iv.iv.ii.ii.iv)2013 数一	i.iv.iv.ii.ii.iv)2013 数一 求函数 f x,y = y+ x 3  3 e x+y的极值.大观严选题 —— 澄潇宇
446	449	i.iv.iv.ii.ii.v)2026 数一二三	i.iv.iv.ii.ii.v)2026 数一二三 求函数 f x,y = 2x 2-y 2  e x的极值. 大观严选题 —— 澄潇宇
447	450	i.iv.iv.ii.ii.vi)2017 数三	i.iv.iv.ii.ii.vi)2017 数三 (2) 二元函数 z = xy3-x-y 的极值点是 ( ) A. 0,0 . B. 0,3 . C. 3,0 . D. 1,1 . 大观严选题 —— 澄潇宇 第 447 页，共 767 页
448	451	i.iv.iv.ii.ii.vii.vd2020 数一二三	i.iv.iv.ii.ii.vii.vd2020 数一二三 求函数 f x,y = x 3+ 8y 3- xy 的极值. 大观严选题 —— 澄潇宇 第 448 页，共 767 页
449	452	i.iv.iv.ii.ii.viii)2024 数二三	i.iv.iv.ii.ii.viii)2024 数二三 函数 f x,y = 2x 3- 9x 2- 6y 4+ 12x + 24y 的极值点是 _____. 大观严选题 —— 澄潇宇 第 449 页，共 767 页
450	453	i.iv.iv.ii.ii.ix)2023 数一	i.iv.iv.ii.ii.ix)2023 数一 求函数 f x,y = y-x 2   y-x 3  的极值. 大观严选题 —— 澄潇宇
451	454	i.iv.iv.ii.ii.x)2023 数二	i.iv.iv.ii.ii.x)2023 数二 求函数 f x,y = xe cosy+ x 2 2 的极值. 大观严选题 —— 澄潇宇
452	455	(a.d.d.b.c.a.a)2015 数二	(1.4.4.2.3) 先求函数再求极值 i.iv.iv.ii.ii.i) 已知偏导数 (a.d.d.b.c.a.a)2015 数二 已知函数 f x,y 满足 f ′′ xyx,y = 2 y+1 e x
453	456	(a.d.d.b.c.b.a)2025 数二	i.iv.iv.ii.iii.ii) 已知全微分 (a.d.d.b.c.b.a)2025 数二 设函数 f x,y 可微且满足 df x,y =-2xe-ydx + e-y x 2-y-1 dy,f 0,0 = 2, 求 f x,y , 并求 f x,y  的极值. 大观严选题 —— 澄潇宇 第 453 页，共 767 页
454	457	(a.d.d.b.c.c.a)2022 数二	i.iv.iv.ii.iii.iii) 已知关系式 (a.d.d.b.c.c.a)2022 数二 已知可微函数 f u,v 满足 ∂f u,v  ∂u - ∂f u,v  ∂v = 2u-v e-u+v , 且 f u,0 = u
455	458	i.iv.iv.ii.iv.i)2004 数一;880 第四章综合解答 12	(1.4.4.2.4) 多元隐函数极值 i.iv.iv.ii.iv.i)2004 数一;880 第四章综合解答 12 设 z = zx,y 是由 x 2- 6xy + 10y 2- 2yz - z2+ 18 = 0 确定的函数, 求 z = zx,y 的极值点和极值. 大观严选题 —— 澄潇宇 第 455 页，共 767 页
456	459	(a.d.d.c.a.a.a)2006 数一二三	a.d.d.c) 条件极值 (1.4.4.3.1 直接给出 i.iv.iv.iii. i. i) 单约束 (a.d.d.c.a.a.a)2006 数一二三 (10) 设 f x,y 与 φx,y 均为可微函数, 且 φ ′yx,y ≠ 0.已知 x0 ,y  0 是 f x,y 在约束条件
457	460	(a.d.d.c.a.a.b)2010 数三	(a.d.d.c.a.a.b)2010 数三 求函数 u = xy + 2yz 在约束条件 x 2+ y 2+ z2 = 10 下的最大值和最小值. 大观严选题 —— 澄潇宇 第 457 页，共 767 页
458	461	(a.d.d.c.a.b.a)2008 数二;880 第四章基础解答 8	i.iv.iv.iii. i.ii) 双约束 (a.d.d.c.a.b.a)2008 数二;880 第四章基础解答 8 求函数 u = x 2+ y 2+ z2在约束条件 z = x 2+ y
459	462	(a.d.d.c.b.a.a)2013 数二	(1.4.4.3.2) 需要处理条件 i.iv.iv.iii.ii.i) 距离 (a.d.d.c.b.a.a)2013 数二 求曲线 x 3- xy + y 3 = 1x≥0,y≥0 上的点到坐标原点的最长距离与最短距离. 大观严选题 —— 澄潇宇
460	463	(a.d.d.c.b.a.b)2021 数一 (仅数学一)	(a.d.d.c.b.a.b)2021 数一 (仅数学一) 已知曲线 C: x 2+2y 2-z=6, 4x+2y+z=30,   求 C 上的点到 xOy 坐标面距离的最大值. 大观严选题 —— 澄潇宇
461	464	(a.d.d.c.b.b.a)2018 数一二三	i.iv.iv.iii.ii.ii) 面积 (a.d.d.c.b.b.a)2018 数一二三 将长为 2m 的铁丝分成三段, 依次围成圆、正方形与正三角形.三个图形的面积之和是否存在最小值？ 若存在,求出最小值. 大观严选题 —— 澄潇宇 第 461 页，共 767 页
462	465	i.iv.iv.iv.i.i)2014 数二	a.d.d.d) 闭区域最值 (1.4.4.4.1 判断最值点位置 i.iv.iv.iv.i.i)2014 数二 (6) 设函数 ux,y 在有界闭区域 D 上连续, 在 D 的内部具有二阶连续偏导数, 且满足 ∂ 2u ∂x∂y ≠ 0 及
463	466	i.iv.iv.iv.ii.i)2005 数二	(1.4.4.4.2) 闭区域 i.iv.iv.iv.ii.i)2005 数二 已知函数 z = f x,y 的全微分 dz = 2xdx - 2ydy, 并且 f 1,1 = 2.求 f x,y 在椭圆域 D = x,y x 2+ y
464	467	i.iv.iv.iv.ii.ii)2007 数一	i.iv.iv.iv.ii.ii)2007 数一 求函数 f x,y = x 2+ 2y 2- x 2y 2在区域 D = x,y ∣x
465	468	i.iv.iv.iv.ii.iii)2024 数一 (仅数学一)	i.iv.iv.iv.ii.iii)2024 数一 (仅数学一) 已知函数 f x,y = x 3+ y 3- x+y 2+ 3, 设 T 是曲面 z = f x,y 在点 1,1,1 处的切平面, D 为 T 与坐 标平面所围有界区域在 xOy 平面上的投影. (I) 求 T 的方程; (II) 求 f x,y 在 D 上的最大值和最小值. 大观严选题 —— 澄潇宇
466	469	i.iv.iv.iv.iii.i)2022 数一	(1.4.4.4.3) 确定多元函数不等式参数取值范围 i.iv.iv.iv.iii.i)2022 数一 当 x ≥ 0,y ≥ 0 时， x 2+ y 2 ≤ kex+y恒成立，则 k 的取值范围是 _____. 大观严选题 —— 澄潇宇 第 466 页，共 767 页
467	470	(1.5.1.1.1)2017 数二	五、二重积分 1.5.1.计算 a.e.a.a) 直接给出累次积分 (1.5.1.1.1)2017 数二 1 0 dy
468	471	(1.5.1.1.2)2014 数三	(1.5.1.1.2)2014 数三 1 0 dy  1 y e
469	472	(1.5.1.1.3)2022 数二	(1.5.1.1.3)2022 数二 【例 6.4】 (2022，数二) 2 0 dy  2
470	473	(1.5.1.1.4)2018 数二	(1.5.1.1.4)2018 数二 【例 6.12】 (2018, 数二) 0-1dx  2-x 2 -x 1-xy 
471	474	i.v.i.ii.i.i)2015 数二三	a.e.a.b) 直角坐标 (1.5.1.2.1 常规题 i.v.i.ii.i.i)2015 数二三 计算二重积分 Dx  x+y dxdy, 其中 D = x,y ∣x 2+y 2≤2,y≥x  2
472	475	i.v.i.ii.i.ii)2016 数三	i.v.i.ii.i.ii)2016 数三 设 D =  x,y ∥x∣≤y≤1,-1≤x≤1 , 则 Dx 2  e-y 2 dxdy = _____. 大观严选题 —— 澄潇宇 第 472 页，共 767 页
473	476	i.v.i.ii.i.iii)2017 数三	i.v.i.ii.i.iii)2017 数三 计算积分 D y 3 1+x 2+y 4
474	477	i. v. i. ii. i.iv)2026 数三	i. v. i. ii. i.iv)2026 数三 设平面区域 D =  x,y ∣0≤x≤1,0≤y≤1 , 计算 D y 1+x 2+y 2  
475	478	i.v.i.ii.i.v)2018 数三	i.v.i.ii.i.v)2018 数三 【例 6.6】 (2018, 数三) 设区域 D 由曲线 y = 3 1-x 2  与直线 y = 3 x 及 y 轴围成, 计算二重积分 Dx 2  dxdy
476	479	i.v.i.ii.i.vi)2024 数二三	i.v.i.ii.i.vi)2024 数二三 17.设平面有界区域 D 位于第一象限, 由曲线 xy = 1 3 ,xy = 3 与直线 y = 1
477	480	i.v.i.ii.ii.i)2011 数一二	(1.5.1.2.2) 二重积分与多元微分结合 (罕见) i.v.i.ii.ii.i)2011 数一二 【例 6.2】 (2011, 数一、数二) 已知函数 f x,y 具有二阶连续偏导数, 且 f 1,y = 0,f x,1 = 0, D f  x,y dxdy = a, 其中 D =  x,y ∣0≤x≤1,0≤y≤1 , 计算二重积分 I = Dxy  f
478	481	i.v.i.ii.iii.i)2018 数二	(1.5.1.2.3) 积分区域 D 由参数方程给出 (摆线) i.v.i.ii.iii.i)2018 数二 【例 6.3】 (2018, 数二) 设平面区域 D 由曲线 x=t-sint y=1-cost  0≤t≤2π  
479	482	i.v.i.ii.iv.i)2010 数二	(1.5.1.2.4) 极坐标逆问题 i.v.i.ii.iv.i)2010 数二 【例 6.9】 (2010, 数二) 计算二重积分 I = D r2 
480	483	i.v.i.iii.i.i)2021 数三;1000 强化	a.e.a.c) 极坐标 (1.5.1.3.1 圆域相关 i.v.i.iii.i.i)2021 数三;1000 强化 设有界区域 D 是圆 x 2+ y 2 = 1 和直线 y = x 以及 x 轴在第一象限围成的部分, 计算二重积分 De
481	484	i.v.i.iii. i.ii)2020 数三	i.v.i.iii. i.ii)2020 数三 设 D = x,y ∣x 2+y   2≤1,y≥0  , 连续函数 f x,y 满足 f x,y = y 1-x 2 + x
482	485	i. v. i.iii. i.iii)2024 数一	i. v. i.iii. i.iii)2024 数一 已知平面区域 D = x,y  1-y    2≤x≤1,-1≤y≤1  ，计算 D x x 2+y
483	486	i.v. i.iii. i.iv)2025 数二	i.v. i.iii. i.iv)2025 数二 已知平面有界区域 D = x,y ∣x 2+y 2≤4x,x 2+y   2≤4y 
484	487	i. v. i.iii.i.v)2025 数三	i. v. i.iii.i.v)2025 数三 已知平面有界区域 D = x,y ∣ y 2≤x,x   2≤y  , 计算二重积分 D x-y+1 2  dxdy
485	488	i. v. i.iii.ii.i)2011 数二	(1.5.1.3.2) 偏心圆域相关 i. v. i.iii.ii.i)2011 数二 设平面区域 D 由直线 y = x, 圆 x 2+ y 2 = 2y 及 y 轴所围成, 则二重积分 Dxy  dσ = _____. 大观严选题 —— 澄潇宇 第 485 页，共 767 页
486	489	i. v. i.iii.ii.ii)2009 数二三	i. v. i.iii.ii.ii)2009 数二三 【例 6.10】 (2009, 数二、数三) 计算二重积分 D  x-y dxdy, 其中 D = x,y ∣ x-1 2+ y-1 2   ≤2,y≥x  
487	490	i. v. i. iii. iii. ii)2022 数一二三	(1.5.1.3.3) 其他 i. v. i. iii. iii. ii)2022 数一二三 【例 6.4】 (2022, 数一、数二) 设平面区域 D = x,y ∣ y-2≤x≤ 4-y 2   ,0≤y≤2 
488	491	i.v.i.iii.iii.ii)2020 数二	i.v.i.iii.iii.ii)2020 数二 【例 6.9】 (2020, 数二) 设区域 D 由直线 x = 1,x = 2,y = x 与 x 轴围成, 计算二重积分 D x 2+y 2  x dxdy 大观严选题 —— 澄潇宇
489	492	i.v.i.iii.iv.i)2012 数二	(1.5.1.3.4) 积分区域以极坐标方程给出 i.v.i.iii.iv.i)2012 数二 计算二重积分 Dxy  dσ, 其中区域 D 由曲线 r = 1 + cosθ0≤θ≤π 与极轴围成. 大观严选题 —— 澄潇宇 第 489 页，共 767 页
490	493	i. v. i. iii.iv. ii)2016 数一	i. v. i. iii.iv. ii)2016 数一 已知平面区域 D = r,θ ∣2≤r≤21+cosθ ,- π 2 ≤θ≤ π 2
491	494	i. v. i.iii.v.i)2019 数二	(1.5.1.3.5) 积分区域难画 i. v. i.iii.v.i)2019 数二 设平面区域 D = x,y  x≤y, x 2+y 2  3≤y
492	495	i.v.i.iii.v.ii)2026 数二	i.v.i.iii.v.ii)2026 数二 计算 I = 1-1d  x 2-x 2 x y
493	496	i.v. i.iii.v.iii)2021 数二	i.v. i.iii.v.iii)2021 数二 曲线 x 2+y 2  2 = x 2- y
494	497	i. v. i.iii.v.iv)2023 数二	i. v. i.iii.v.iv)2023 数二 设平面有界区域 D 位于第一象限, 由曲线 x 2+ y 2- xy = 1,x 2+ y 2- xy = 2 与直线 y = 3 x,y = 0 围
495	498	i.v. i.iii.vi. i)2004 数三	(1.5.1.3.6) 被积函数为若干项相加 i.v. i.iii.vi. i)2004 数三 求 D x 2+y   2+y dσ, 其中 D 是由圆 x 2+ y
496	499	i. v. i.iii.vi.ii)2017 数二	i. v. i.iii.vi.ii)2017 数二 计算二重积分 D x+1 2  dxdy, 其中 D = x,y ∣x 2+y   2≤2y  . 大观严选题 —— 澄潇宇
497	500	i.v. i.iii.vi.iii)2016 数二	i.v. i.iii.vi.iii)2016 数二 【例 6.14】 (2016, 数二) 设区域 D 由直线 y = 1,y = x,y =-x 围成, 计算二重积分 D x 2-xy-y 2 x 2+y
498	501	i. v. i. iii.vii. i)2014 数二三	(1.5.1.3.7) 被积函数分子是分母其中一项 i. v. i. iii.vii. i)2014 数二三 【例 6.17】 (2014, 数二、三) 计算二重积分 D xsin π x 2+y 2    x+y
499	502	i.v.i.iv.i.i)2003 数三	a.e.a.d) 被积函数为分段函数 (1.5.1.4.1 显式分段 i.v.i.iv.i.i)2003 数三 (3) 设 a > 0,f x = gx = a,若0≤x≤1, 0,其他  
500	503	i. v. i.iv.i.ii)2022 数三	i. v. i.iv.i.ii)2022 数三 已知函数 f x = e x , 0≤x≤1, 0, 其他,  
501	504	(a.e.a.d.b.a.a)2005 数二三	(1.5.1.4.2) 隐式分段 i.v.i.iv.ii.i) 绝对值 (a.e.a.d.b.a.a)2005 数二三 计算二重积分 D x 2+y   2-1dσ, 其中 D =  x,y ∣0≤x≤1,0≤y≤1 
502	505	(a.e.a.d.b.a.b)2023 数三	(a.e.a.d.b.a.b)2023 数三 已知平面区域 D = x,y ∣ x-1 2+y   2≤1   , 计算二重积分 D x 2+y
503	506	(a.e.a.d.b.b.a)1995 数三	i.v.i.iv.ii.ii) 最大值最小值 (a.e.a.d.b.b.a)1995 数三 计算二次积分 I = +∞ -∞ +∞
504	507	(a.e.a.d.b.b.b)2002 数一	(a.e.a.d.b.b.b)2002 数一 计算二重积分 Demax x 2 ,y  2  
505	508	(a.e.a.d.b.b.c)2008 数二三	(a.e.a.d.b.b.c)2008 数二三 计算 Dmax  {xy,1}dxdy, 其中 D =  x,y ∣0≤x≤2,0≤y≤2  大观严选题 —— 澄潇宇 第 505 页，共 767 页
506	509	(a.e.a.d.b.c.a)2005 数一	i.v.i.iv.ii.iii) 取整 (a.e.a.d.b.c.a)2005 数一 设 D = x,y ∣x 2+y   2≤ 2,x≥0,y≥0  , 1+x
507	510	i.v.ii.i.i.i)2007 数二三	1.5.2.其他 a.e.b.a) 交换积分次序 (1.5.2.1.1 直角坐标交换 i.v.ii.i.i.i)2007 数二三 (8) 设函数 f x,y 连续，则二次积分 π π
508	511	i. v. ii. i. i. ii)2024 数二三	i. v. ii. i. i. ii)2024 数二三 6.设 f x,y 是连续函数, 则 π 2π 6 dx 
509	512	i. v. ii. i. i.ii)2001 数一	i. v. ii. i. i.ii)2001 数一 交换积分次序 0-1dy  1-y 2 f  x,y dx = _____. 大观严选题 —— 澄潇宇
510	513	i.v.ii.i.i.iv)2025 数一二	i.v.ii.i.i.iv)2025 数一二 4.设函数 f x,y 连续, 则 2-2d  x 4 4-x 2 f  x,y dy =
511	514	i.v.ii.i.i.v)2025 数三	i.v.ii.i.i.v)2025 数三 4.设函数 f x 连续, 则 1 0 d  y y0 f  x dx
512	515	i.v.ii.i.ii.i)2006 数一二	(1.5.2.1.2) 极直互换 i.v.ii.i.ii.i)2006 数一二 (8) 设 f x,y 为连续函数，则 π 40 d  θ 1
513	516	i. v. ii. i. ii. ii)2012 数三	i. v. ii. i. ii. ii)2012 数三 (3) 设函数 f t 连续，则二次积分 π 20 d  θ 2 2cosθ
514	517	i. v. ii. i. ii. iii)2014 数一	i. v. ii. i. ii. iii)2014 数一 (3) 设 f x,y 是连续函数，则 1 0 d  y 1-y - 1-y 2 f  x,y dx = ( )
515	518	i. v. ii. i. ii.ii. i)2004 数二	(1.5.2.1.3) 写极坐标 i. v. ii. i. ii.ii. i)2004 数二 【例 6.7】 (2004, 数二) 设 f u 连续, 区域 D = x,y ∣x 2+y   2≤2y  , 则 D
516	519	i.v.ii.i.iii.ii)2015 数一二	i.v.ii.i.iii.ii)2015 数一二 (4) 设 D 是第一象限中的曲线 2xy = 1,4xy = 1 与直线 y = x,y = 3 x 围成的平面区域, 函数 f x,y 在 D 上连续, 则 D f  x,y dxdy = ( ) A. π
517	520	(1.5.2.2.1)2005 数三;880 综合选择 1	a.e.b.b) 二重积分比大小以及定正负 (1.5.2.2.1)2005 数三;880 综合选择 1 (8) 设 I1 = Dcos  x 2+y 2 dσ,I2 =
518	521	(1.5.2.2.2)2009 数一	(1.5.2.2.2)2009 数一 (2) 如图，正方形  x,y ||x≤1, y≤1 被其对角线划分为四个区域 Dk k=1,2,3,4 , Ik = Dk y  cosxdxdy, 则 max 1≤k≤4 Ik 
519	522	(1.5.2.2.3)2013 数二三	(1.5.2.2.3)2013 数二三 【例 6.16】 (2013, 数二、三) 设 Dk 为圆域 D = x,y ∣x 2+y   2≤1  位于第 k 象限的部分. 记 Ik = Dk   y-x dxdyk=1,2,3,4 , 则 I
520	523	(1.5.2.2.4)2016 数三;25 版 0.1w 强化 5	(1.5.2.2.4)2016 数三;25 版 0.1w 强化 5 【例 6.7】 (2016, 数三) 设 Ji = Di 3 x-y  dxdyi=1,2,3 , 其中 D1 =  x,y ∣0≤x≤1,0≤y≤1 , D2 =  x,y ∣0≤x≤1,0≤y≤ x ,D3 = x,y ∣0≤x≤1,x   2≤y≤1  ,则
521	524	(1.5.2.2.5)2019 数二	(1.5.2.2.5)2019 数二 5.已知平面区域 D = x,y ||x+ y∣≤ π 2   
522	525	(1.5.2.3.1)2008 数学二三	a.e.b.c) 以二重积分形式给出的函数 (1.5.2.3.1)2008 数学二三 (4) 设函数 f 连续，若 f u,v = Duv f x 2+y 2  
523	526	(1.5.2.3.2)2021 数二	(1.5.2.3.2)2021 数二 已知函数 f t = t21 d  x t x sin  x y dy, 则 f  π
524	527	(1.5.2.4.1)1999 数三	a.e.b.d) 利用含二重积分等式求函数表达式 (1.5.2.4.1)1999 数三 (2) 设 f x,y 连续，且 f x,y = xy + D f  u,v dudv，其中 D 是由 y = 0,y = x 2
525	528	(1.5.2.5.1)1995 数一;880 基础填空 5	a.e.b.e) 抽象函数二重积分 (1.5.2.5.1)1995 数一;880 基础填空 5 设函数 f x 在区间 0,1 上连续, 并设 1 0 f  x dx = A, 求
526	529	(1.5.2.5.2)2005 数二;880 基础填空 4	(1.5.2.5.2)2005 数二;880 基础填空 4 【例 6.15】 (2005, 数二) 设区域 D = x,y ∣x 2+y   2≤4,x≥0,y≥0  ,f x 为正值连续函数, a,b 为常数, 则 D a f x +b f  y  f x + f  y   dxdy = ( )
527	530	(1.6.1.1.1)2010 数二三;880 第六章综合选择 4	六、微分方程 1.6.1.微分方程解的性质与结构 a.f .a.a) 一阶 (1.6.1.1.1)2010 数二三;880 第六章综合选择 4 (2) 设 y1 ,y2是一阶线性非齐次微分方程 y
528	531	(1.6.1.1.2)2026 数二	(1.6.1.1.2)2026 数二 设 y1 x ,y2 x 是某 2 阶非齐次线性微分方程的两个特解.若常数 λ,μ 使得 2λy1 x + μy2 x 是该方程
529	532	(1.6.1.1.3)2006 数三	(1.6.1.1.3)2006 数三 (10) 设非齐次线性微分方程 y  + Px y = Qx 有两个的解 y1 x ,y2 x ,C 为任意常数, 则该方程通解 是 ( )
530	533	(1.6.1.2.1)1989 数一	a.f .a.b) 二阶及以上 (1.6.1.2.1)1989 数一 (3) 设线性无关的函数 y1 ,y2 ,y3都是二阶非齐次线性方程 y + px y  + qx y = f x 的特解, C1
531	534	(1.6.1.2.2)2013 数一二	(1.6.1.2.2)2013 数一二 (13) 已知 y1 = e 3x- xe2x ,y2 = e x- xe2x ,y3 =-xe2x是某二阶常系数非齐次线性微分方程的三个解, 则
532	535	(a.f .b.a.a.a.a)2006 数一二	1.6.2.解微分方程 a.f .b.a) 一阶 (1.6.2.1.1 基本类型 i.vi.ii.i.i.i) 可分离变量 (a.f .b.a.a.a.a)2006 数一二 微分方程 y  =
533	536	i.vi.ii.i.i.ii) 一侧为 x 分之 y 的函数 (齐次方程) (a.f .b.a.a.b.a)2007 数三	i.vi.ii.i.i.ii) 一侧为 x 分之 y 的函数 (齐次方程) (a.f .b.a.a.b.a)2007 数三 微分方程 dy dx = y x - 1
534	537	(a.f .b.a.a.c.a)2024 数一二;1800(先于真题出现)	i. vi.ii.i.i.ii) 一侧为 xy 线性组合的函数 (a.f .b.a.a.c.a)2024 数一二;1800(先于真题出现) 微分方程 y  = 1 x+y 2 满足条件 y1 = 0 的解为 _____. 大观严选题 —— 澄潇宇
535	538	i.vi.ii.i.i.iv.i.i)2011 数一二	i. vi.ii.i.i.iv) 一阶线性非齐次 (a.f .b.a.a.d.a) 非齐次项为普通函数 i.vi.ii.i.i.iv.i.i)2011 数一二 微分方程 y  + y = e-xcosx 满足条件 y0 = 0 的解为 y = _____. 大观严选题 —— 澄潇宇 第 535 页，共 767 页
536	539	i.vi.ii.i.i.iv.ii.i)1999 数三	(a.f .b.a.a.d.b) 非齐次项为分段函数 i.vi.ii.i.i.iv.ii.i)1999 数三 设有微分方程 y  - 2y = φx , 其中 φx = 2, x<1, 0, x>1.  
537	540	i.vi.ii.i.ii.i.i.i.i)2019 数一	(1.6.2.1.2) 有显著特征 i.vi.ii.i.ii.i) 框框 y 撇 (a.f .b.a.b.a.a)2yy 撇 i.vi.ii.i.ii.i.i.i.i)2019 数一 微分方程 2yy - y 2- 2 = 0 满足条件 y0 = 1 的特解 y = (a.f .b.a.b.a.b)xy 撇
538	541	i.vi.ii.i.ii.i.ii.i2014 数一	i.vi.ii.i.ii.i.ii.i2014 数一 微分方程 xy + ylnx-lny = 0 满足条件 y1 = e 3的解为 y = _____. 大观严选题 —— 澄潇宇 第 538 页，共 767 页
539	542	i. vi. ii. i. i. ii. i. ii. ii)2008 数一三	i. vi. ii. i. i. ii. i. ii. ii)2008 数一三 微分方程 xy + y = 0 满足条件 y1 = 1 的解 y = _____. 大观严选题 —— 澄潇宇 第 539 页，共 767 页
540	543	i. vi.ii.i.ii.i.ii.iii)2025 数三	i. vi.ii.i.ii.i.ii.iii)2025 数三 微分方程 xy - y + x 2e x = 0 满足条件 y1 - e 的解为 y = _____. 大观严选题 —— 澄潇宇 第 540 页，共 767 页
541	544	i.vi.ii.i.ii.i.ii.i.iii.i)2001 数二	(a.f .b.a.b.a.c) 三角 y 撇 i.vi.ii.i.ii.i.ii.i.iii.i)2001 数二 过点 1 2 ,0  且满足关系式 y arcsinx +
542	545	i.vi.ii.i.ii.i.iv.i)1991 数三	(a.f .b.a.b.a.d) 其他 y 撇 i.vi.ii.i.ii.i.iv.i)1991 数三 求微分方程 xy dy dx = x 2+ y
543	546	i.vi.ii.i.ii.i.iv.ii)1993 数一	i.vi.ii.i.ii.i.iv.ii)1993 数一 求微分方程 x 2y  + xy = y 2满足初始条件 y1 = 1 的特解. 大观严选题 —— 澄潇宇 第 543 页，共 767 页
544	547	i.vi.ii.i.ii.ii.ii.i1994 数二	i.vi.ii.i.ii.ii) 框框 dx 框框 dy (a.f .b.a.b.b.a) 简单分离 i.vi.ii.i.ii.ii.ii.i1994 数二 微分方程 ydx + x 2-4x dy = 0 的通解为 _____ 大观严选题 —— 澄潇宇 第 544 页，共 767 页
545	548	i. vi.ii.i.ii.ii.ii.ii.i2025 数二	(a.f .b.a.b.b.b) 齐次 i. vi.ii.i.ii.ii.ii.ii.i2025 数二 微分方程 2y-3x dx + 2x-5y dy = 0 满足条件 y1 = 1 的解为 _____. 大观严选题 —— 澄潇宇 第 545 页，共 767 页
546	549	i.vi.ii.i.ii.ii.ii.ii.i)1993 数二	(a.f .b.a.b.b.c) 一阶线性 i.vi.ii.i.ii.ii.ii.ii.i)1993 数二 求微分方程 x 2-1 dy + 2xy-cosx dx = 0 满足初始条件 y0 = 1 的特解. 大观严选题 —— 澄潇宇 第 546 页，共 767 页
547	550	i. vi.ii.i.ii.ii.ii.iii.ii)1990 数二	i. vi.ii.i.ii.ii.ii.iii.ii)1990 数二 求微分方程 xlnxdy +  y-lnx dx = 0 满足条件 y x=e = 1 的特解. 大观严选题 —— 澄潇宇 第 547 页，共 767 页
548	551	i.vi.ii.i.ii.ii.iv.i)1996 数三	(a.f .b.a.b.b.d) 含根号下平方和 i.vi.ii.i.ii.ii.iv.i)1996 数三 求微分方程 dy dx = y- x 2+y
549	552	i. vi. ii. i. ii. ii. v. i)2012 数二	(a.f .b.a.b.b.e) 罕见类型 i. vi. ii. i. ii. ii. v. i)2012 数二 微分方程 ydx + x-3y 2  dy = 0 满足初始条件 y1 = 1 的解为 y = _____. 大观严选题 —— 澄潇宇 第 549 页，共 767 页
550	553	i. vi.ii.i.i.ii.ii.vi.i)1994 数一;26 版 1000 第十五章强化 51	(a.f .b.a.b.b.f) 全微分方程 (数学一) i. vi.ii.i.i.ii.ii.vi.i)1994 数一;26 版 1000 第十五章强化 51 设 f x 具有二阶连续导数, f 0 = 0,f  0 = 1, 且 xyx+y - f x y dx + f  x +x 2  y dy = 0 为一全 微分方程, 求 f x 及此全微分方程的通解. 大观严选题 —— 澄潇宇
551	554	(a.f .b.b.a.a.a)2015 数二三	a.f .b.b) 二阶 (1.6.2.2.1 二阶常系数 i.vi.ii.ii.i.i.i) 二阶常系数线性齐次 (a.f .b.b.a.a.a)2015 数二三 设函数 y = yx 是微分方程 y + y  - 2y = 0 的解, 且在 x = 0 处 yx 取得极值 3, 则 yx = 大观严选题 —— 澄潇宇 第 551 页，共 767 页
552	555	(a.f .b.b.a.a.b)2017 数一	(a.f .b.b.a.a.b)2017 数一 微分方程 y + 2y  + 3y = 0 的通解为 y = _____. 大观严选题 —— 澄潇宇 第 552 页，共 767 页
553	556	i.vi.ii.ii.i.i.i.i.i.i)2004 数二	i. vi. ii. ii. ii. ii. ii) 二阶常系数线性非齐次 (a.f .b.b.a.b.a) 只设不求 i.vi.ii.ii.i.i.i.i.i.i)2004 数二 (11) 微分方程 y + y = x 2+ 1 + sinx 的特解形式可设为 ( ). A. y * = ax2+ bx + c + xAsinx+Bcosx  B. y * = x ax  2+bx+c+Asinx+Bcosx 
554	557	i. vi. ii. ii. ii. i. ii. i. ii)2011 数二	i. vi. ii. ii. ii. i. ii. i. ii)2011 数二 (4) 微分方程 y - λ 2y = e λx+ e-λxλ>0 的特解形式为 ( ) A. a e λx+e-λx  . B. ax e
555	558	i. vi.ii.ii.i.i.ii.i.iii.i2017 数二	i. vi.ii.ii.i.i.ii.i.iii.i2017 数二 (4) 微分方程 y - 4y  + 8y = e 2x 1+cos2x 的特解可设为 y * = ( )
556	559	i.vi.ii.ii.i.ii.ii.i1996 数二	(a.f .b.b.a.b.b) 非齐次项为幂指函数 i.vi.ii.ii.i.ii.ii.i1996 数二 求微分方程 y + y  = x 2的通解. 大观严选题 —— 澄潇宇 第 556 页，共 767 页
557	560	i.vi. ii. ii. i. ii. ii. ii. ii)2026 数三	i.vi. ii. ii. i. ii. ii. ii. ii)2026 数三 微分方程 y - 2y  = e x , 满足 y0 = 1,y  0 = 1, 则解为 y = _____. 大观严选题 —— 澄潇宇
558	561	i.vi.ii.ii.i.ii.ii.iii)1988 数一二	i.vi.ii.ii.i.ii.ii.iii)1988 数一二 设函数 y = yx 满足微分方程 y - 3y  + 2y = 2ex , 且其图形在点 0,1 处的切线与曲线 y = x 2- x + 1 在该点的切线重合, 求函数 y = yx .大观严选题 —— 澄潇宇
559	562	i.vi. ii. ii. ii. ii. ii. ii. iv)2010 数一	i.vi. ii. ii. ii. ii. ii. ii. iv)2010 数一 求微分方程 y - 3y  + 2y = 2xex的通解. 大观严选题 —— 澄潇宇 第 559 页，共 767 页
560	563	i.vi.ii.ii.i.i.ii.ii.i)1990 数二	(a.f .b.b.a.b.c) 非齐次项含未知数 i.vi.ii.ii.i.i.ii.ii.i)1990 数二 求微分方程 y + 4y  + 4y = e ax的通解, 其中 a 为实数. 大观严选题 —— 澄潇宇 第 560 页，共 767 页
561	564	i.vi.ii.ii.i.i.ii.iii.ii)1994 数二	i.vi.ii.ii.i.i.ii.iii.ii)1994 数二 求微分方程 y + a 2y = sinx 的通解, 其中常数 a > 0. 大观严选题 —— 澄潇宇 第 561 页，共 767 页
562	565	i.vi.ii.ii.i.ii.iv.i)1991 数二;880 第六章综合填空 6	(a.f .b.b.a.b.d) 非齐次项为两个函数相加 i.vi.ii.ii.i.ii.iv.i)1991 数二;880 第六章综合填空 6 求微分方程 y + y = x + cosx 的通解. 大观严选题 —— 澄潇宇 第 562 页，共 767 页
563	566	i.vi.ii.ii.ii.i.i.i.i)2000 数一	(1.6.2.2.2) 二阶变系数 (数一二) i.vi.ii.ii.ii.i) 二阶可降解 (a.f .b.b.b.a.a) 不显含 y i.vi.ii.ii.ii.i.i.i.i)2000 数一 微分方程 xy + 3y  = 0 的通解为 _____ 大观严选题 —— 澄潇宇 第 563 页，共 767 页
564	567	i.vi.ii.ii.ii.ii.i.i.ii)2007 数二	i.vi.ii.ii.ii.ii.i.i.ii)2007 数二 求微分方程 y x+y ′2  = y  满足初始条件 y1 = y  1 = 1 的特解. 大观严选题 —— 澄潇宇
565	568	i.vi. ii. ii. ii. ii. ii. iii)2026 数二	i.vi. ii. ii. ii. ii. ii. iii)2026 数二 求微分方程 x 2y - 2xy - y   2 = 0x>2 满足 y x=3 = 1 2
566	569	i. vi. ii. ii. ii. ii. i. ii. i)2002 数一二	(a.f .b.b.b.a.b) 不显含 x i. vi. ii. ii. ii. ii. i. ii. i)2002 数一二 微分方程 yy + y ′2 = 0 满足初始条件 y x=0 = 1, y   x=0 =
567	570	(a.f .b.b.b.b.a)2021 数一 (仅数学一)	i.vi.ii.ii.ii.ii) 欧拉方程 (a.f .b.b.b.b.a)2021 数一 (仅数学一) 欧拉方程 x 2y + xy - 4y = 0 满足条件 y1 = 1,y  1 = 2 的解为 _____. 大观严选题 —— 澄潇宇 第 567 页，共 767 页
568	571	(a.f .b.b.b.b.b)2024 数二	(a.f .b.b.b.b.b)2024 数二 设 yx 为微分方程 x 2y + xy - 9y = 0 满足条件 y x=1 = 2, y   x=1 = 6 的解. (I) 利用变换 x = e t将上述方程化为常系数线性方程, 并求 yx ;
569	572	(a.f .b.b.b.c.a)2003 数一二	i.vi.ii.ii.ii.iii) 反函数 (a.f .b.b.b.c.a)2003 数一二 设函数 y = yx 在 -∞,+∞ 内具有二阶导数, 且 y  ≠ 0,x = x y 是 y = yx 的反函数. (1) 试将 x = x y 所满足的微分方程 d 2x dy
570	573	(a.f .b.b.b.d.a)2005 数二	i.vi.ii.ii.ii.iv) 三角换元 (a.f .b.b.b.d.a)2005 数二 用变量代换 x = cost0<t<π 化简微分方程 1-x 2  y - xy + y = 0, 并求其满足 y x=0 = 1, y 
571	574	(a.f .b.b.b.e.a)1998 数二	i. vi.ii.ii.iv.) 其他 (a.f .b.b.b.e.a)1998 数二 利用代换 y = u cosx 将方程 ycosx - 2y
572	575	(a.f .b.b.b.e.b)2016 数二	(a.f .b.b.b.e.b)2016 数二 已知 y1 x = e x ,y2 x = ux e
573	576	(1.6.2.3.1)1987 数一	a.f .b.c) 高阶常系数线性微分方程 (1.6.2.3.1)1987 数一 求微分方程 y + 6y + 9+a 2  y  = 1 的通解, 其中常数 a > 0. 大观严选题 —— 澄潇宇
574	577	(1.6.2.3.2)2021 数二	(1.6.2.3.2)2021 数二 微分方程 y - y = 0 的通解为 _____大观严选题 —— 澄潇宇 第 574 页，共 767 页
575	578	(1.6.2.3.3)2022 数二	(1.6.2.3.3)2022 数二 微分方程 y - 2y + 5y  = 0 的通解为 yx = _____. 大观严选题 —— 澄潇宇 第 575 页，共 767 页
576	579	(1.6.3.1.1)2016 数一	1.6.3.已知解反求微分方程 (逆问题) a.f .c.a) 一阶 (1.6.3.1.1)2016 数一 (3) 若 y = 1+x 2  2- 1+x 2
577	580	(1.6.3.1.2)2016 数二	(1.6.3.1.2)2016 数二 以 y = x 2- e x与 y = x 2为特解的一阶非齐次线性微分方程为 _____ 大观严选题 —— 澄潇宇 第 577 页，共 767 页
578	581	(1.6.3.2.1)2015 数一	a.f .c.b) 二阶 (1.6.3.2.1)2015 数一 (2) 设 y = 1 2 e
579	582	(1.6.3.2.2)2019 数二三	(1.6.3.2.2)2019 数二三 4.已知微分方程 y + ay + by = cex的通解为 y = C1+C2  x e-x+ e x , 则 a,b,c 依次为 A. 1,0,1. B. 1,0,2. C. 2,1,3. D. 2,1,4. 大观严选题 —— 澄潇宇 第 579 页，共 767 页
580	583	(1.6.3.2.3)2001 数一;26 版 660 数一二三第 83 题	(1.6.3.2.3)2001 数一;26 版 660 数一二三第 83 题 (1) 设 y = e x C1 sinx+C2  cosx (C1 ,C2为任意常数) 为某二阶常系数齐次线性微分方程的通解，则该 方程为 _____ 大观严选题 —— 澄潇宇
581	584	(1.6.3.2.4)2009 数一;880 第六章综合选择 2	(1.6.3.2.4)2009 数一;880 第六章综合选择 2 (10) 若二阶常系数线性齐次微分方程 y + ay + by = 0 的通解为 y = C1+C2  x e x , 则非齐次方程 y + ay + by = x 满足条件 y0 = 2,y  0 = 0 的解为 y = _____. 大观严选题 —— 澄潇宇 第 581 页，共 767 页
582	585	(1.6.3.2.5)1997 数二;26 版 1000 第十五章基础 18;26 版 660 数一二三第 82 题	(1.6.3.2.5)1997 数二;26 版 1000 第十五章基础 18;26 版 660 数一二三第 82 题 (5) 已知 y1 = xex+ e 2x ,y2 = xex+ e-x ,y3 = xex+ e 2x- e-x是某二阶非齐次线性微分方程的三个解, 求
583	586	(1.6.3.3.1)2000 数二;26 版 660 数一二三第 221 题	a.f .c.c) 三阶及以上 (1.6.3.3.1)2000 数二;26 版 660 数一二三第 221 题 (5) 具有特解 y1 = e-x ,y2 = 2xe-x ,y3 = 3ex的三阶常系数齐次线性微分方程是 ( ). A. y - y - y  + y = 0 B. y + y - y
584	587	(1.6.3.3.2)2008 数一二;26 版 660 数二第 609 题	(1.6.3.3.2)2008 数一二;26 版 660 数二第 609 题 (3) 在下列微分方程中，以 y = C1e x+ C2cos2x + C3 sin2x C1 ,C2  ,C3 为任意常数) 为通解的是 ( ). A. y + y - 4y  - 4y = 0 B. y + y + 4y
585	588	(1.6.4.1.1)2018 数一	1.6.4.处理微分方程解 a.f .d.a) 微分方程解的有界性、奇偶性、周期性 (1.6.4.1.1)2018 数一 已知微分方程 y  + y = f x ，其中 f x 是 R 上的连续函数. (I) 若 f x = x, 求方程的通解; (II) 若 f x 是周期为 T 的函数, 证明: 方程存在唯一的以 T 为周期的解. 大观严选题 —— 澄潇宇
586	589	(1.6.4.1.2)2023 数一二三	(1.6.4.1.2)2023 数一二三 (2) 若微分方程 y + ay + by = 0 的解在 (-∞， +∞) 上有界，则 ( ) A. a < 0,b > 0. B. a > 0,b > 0. C. a = 0,b > 0. D. a = 0,b < 0. 大观严选题 —— 澄潇宇 第 586 页，共 767 页
587	590	(1.6.4.2.1)2022 数一数三	a.f .d.b) 微分方程解的极限及渐近线 (1.6.4.2.1)2022 数一数三 【例 4.7】 (2022, 数一、三) 设 y = yx 为微分方程 y  + 1 2 x
588	591	(1.6.4.3.1)2008 数二	a.f .d.c) 微分方程解的导数 (1.6.4.3.1)2008 数二 设函数 y = yx 由参数方程 x=xt , y= t20 ln  1+u du
589	592	(1.6.4.4.1)2012 数一二三	a.f .d.d) 微分方程解的凹凸区间、极值、拐点 (1.6.4.4.1)2012 数一二三 已知函数 f x 满足方程 f  x + f  x - 2f x = 0 及 f  x + f x = 2ex . (I) 求 f x 的表达式;
590	593	(1.6.4.4.2)2019 数一	(1.6.4.4.2)2019 数一 设函数 yx 是微分方程 y  + xy = e￾x 22 满足条件 y0 = 0 的特解. (I) 求 yx ;(II) 求曲线 y = yx 的凹凸区间及拐点. 大观严选题 —— 澄潇宇 第 590 页，共 767 页
591	594	(1.6.4.5.1)2021 数二	a.f .d.e) 微分方程解的切法线 (1.6.4.5.1)2021 数二 设 y = yx x>0 满足微分方程 xy - 6y =-6, 且满足 y 3 = 10, (I) 求 yx ; (II) 设 P 为曲线 y = yx 上的一点, 曲线 y = yx 在点 P 的法线在 y 轴上的截距为 IP , 为使 Ip最小, 求 P 的坐标. 大观严选题 —— 澄潇宇 第 591 页，共 767 页
592	595	(1.6.4.6.1)2016 数一	a.f .d.f) 微分方程解的反常积分 (1.6.4.6.1)2016 数一 设函数 yx 满足方程 y + 2y  + ky = 0, 其中 0 < k < 1. (I) 证明: 反常积分 +∞ 0 y
593	596	(1.6.4.6.2)2020 数一	(1.6.4.6.2)2020 数一 设函数 f x 满足 f  x + af  x + f x = 0a>0 , 且 f 0 = m,f  0 = n, 则 +∞ 0 f  x dx = ____. 大观严选题 —— 澄潇宇
594	597	(1.6.4.6.3)2020 数三	(1.6.4.6.3)2020 数三 设函数 y = f x 满足 y + 2y  + 5y = 0, 且 f 0 = 1,f  0 =-1. (I) 求 f x 的表达式; (II) 设 an = +∞ nπ
595	598	(1.6.4.6.4)2025 数二	(1.6.4.6.4)2025 数二 3.如果对微分方程 y - 2ay + a+2 y = 0 任一解 yx , 反常积分 +∞ 0 y  x dx 均收敛, 则 a 的 取值范围为 ( )
596	599	(1.6.5.1.1)2002 数二	1.6.5.以各种形式给出微分方程 a.f .e.a) 极限 (1.6.5.1.1)2002 数二 已知函数 f x 在 0,+∞ 内可导, f x > 0, limx→+∞ f x = 1, 且满足 lim h→0
597	600	(1.6.5.2.1)2001 数二	a.f .e.b) 含导数等式 (1.6.5.2.1)2001 数二 设函数 f x ,gx 满足 f  x = gx ,g  x = 2ex- f x , 且 f 0 = 0,g0 = 2, 求 π 0 gx 
598	601	(1.6.5.2.2)2003 数三	(1.6.5.2.2)2003 数三 设 Fx = f x gx , 其中函数 f x ,gx 在 -∞,+∞ 内满足以下条件: f  x = gx ,g  x = f x , 且 f 0 = 0,f x + gx = 2ex . (1) 求 Fx 所满足的一阶微分方程； (2) 求出 Fx 的表达式. 大观严选题 —— 澄潇宇
599	602	(1.6.5.2.3)2010 数二	(1.6.5.2.3)2010 数二 设函数 y = f x 由参数方程 x=2t+t2 , y=ψt   t>-1   所确定, 其中 ψt 具有 2 阶导数, 且 ψ1 =
600	603	(1.6.5.3.1)1998 数一二	a.f .e.c) 导数定义 (1.6.5.3.1)1998 数一二 (3) 已知函数 y = yx 在任意点 x 处的增量 Δy = yΔx 1+x 2 + α, 且当 Δx → 0 时, α 是 Δx 的高阶无穷小, y0 = π, 则 y1 等于 ( )
601	604	(1.6.5.3.2)2018 数三	(1.6.5.3.2)2018 数三 【例 4.1】 (2018，数三) 设 f x 满足 f x+Δx - f x = 2xf x Δx + oΔx Δx→0 , 且 f 0 = 2,则 f 1 = _____. 大观严选题 —— 澄潇宇 第 601 页，共 767 页
602	605	(1.6.5.4.1)1998 数二;880 第六章综合解答 19	a.f .e.d) 导数应用 (切法线、曲率) (1.6.5.4.1)1998 数二;880 第六章综合解答 19 设 y = yx 是一向上凸的连续曲线, 其上任意一点 x,y 处的曲率为 1 1+ y   2 , 且此曲线上点
603	606	(1.6.5.4.2)2009 数二	(1.6.5.4.2)2009 数二 设 y = yx 是区间 -π,π 内过点 - π 2 , π 2
604	607	(1.6.5.4.3)2011 数二	(1.6.5.4.3)2011 数二 设函数 yx 具有二阶导数, 且曲线 l:y = yx 与直线 y = x 相切于原点.记 α 为曲线 l 在点 x,y 处切 线的倾角, 若 dα dx = dy
605	608	(1.6.5.4.4)2017 数二	(1.6.5.4.4)2017 数二 设 yx 是区间 0, 3 2  内的可导函数, 且 y1 = 0.点 P 是曲线 l:y = yx 上的任意一点, l 在点 P 处的 切线与 y 轴相交于点 0,Y  P , 法线与 x 轴相交于点 XP  ,0 .若 XP = YP , 求 l 上点的坐标 x,y 满足的方
606	609	(1.6.5.4.5)2023 数二	(1.6.5.4.5)2023 数二 设曲线 L:y = yx x>e 经过点 e 2  ,0 ,L 上任一点 Px,y 到 y 轴的距离等于该点处的切线在 y 轴上 的截距. (1) 求 yx ; (2) 在 L 上求一点，使该点处的切线与两坐标轴所围三角形的面积最小，并求此最小面积. 大观严选题 —— 澄潇宇
607	610	(1.6.5.5.1)2007 数二	a.f .e.e) 变限积分 (1.6.5.5.1)2007 数二 设 f x 是区间 0, π 4  
608	611	(1.6.5.5.2)2016 数三	(1.6.5.5.2)2016 数三 设函数 f x 连续, 且满足 x0 f  x-t dt = x0 x-t  
609	612	(1.6.5.6.1)2009 数三	a.f .e.f) 定积分应用 (面积体积) (1.6.5.6.1)2009 数三 设曲线 y = f x , 其中 f x 是可导函数, 且 f x > 0.已知曲线 y = f x 与直线 y = 0,x = 1 及 x = tt>1 所围成的曲边梯形绕 x 轴旋转一周所得的立体体积值是该曲边梯形面积值的 πt 倍,求该曲线 的方程. 大观严选题 —— 澄潇宇 第 609 页，共 767 页
610	613	(1.6.5.6.2)2020 数二	(1.6.5.6.2)2020 数二 设函数 f x 可导, 且 f  x > 0.曲线 y = f x x≥0 经过坐标原点 O, 其上任意一点 M 处的切线与 x 轴交于 T, 又 MP 垂直 x 轴于点 P.已知由曲线 y = f x , 直线 MP 以及 x 轴所围图形的面积与 ΔMTP 的 面积之比恒为 3:2, 求满足上述条件的曲线的方程. 大观严选题 —— 澄潇宇 第 610 页，共 767 页
611	614	(1.6.5.7.1)2014 数一二三	a.f .e.g) 多元微分 (1.6.5.7.1)2014 数一二三 设函数 f u 具有二阶连续导数,z = f e x  cosy 满足 ∂ 2
612	615	(1.6.5.7.2)2025 数一	(1.6.5.7.2)2025 数一 18.(本题满分 12 分) 已知函数 f u 在区间 0,+∞ 内具有 2 阶导数, 记 gx,y = f x  y  , 若 gx,y 满 足 x 2 ∂
613	616	(1.6.5.7.3)2026 数一	(1.6.5.7.3)2026 数一 设 f u 在区间 0,+∞ 内具有 3 阶连续导数, 且存在可微函数 Fx,y 使得 Fx,y = f xy  x 2y
614	617	(1.6.5.8.1)2011 数三	a.f .e.h) 二重积分 (1.6.5.8.1)2011 数三 设函数 f x 在区间 0,1 上具有连续导数, f 0 = 1, 且满足 Dt f   x+y dxdy = Dt f  t dxdy, 其中 Dt = {x,y ∣ 0 ≤ y ≤ t - x,0 ≤ x ≤ t∣ 0<t≤1 .求 f x 的表达式. 大观严选题 —— 澄潇宇 第 614 页，共 767 页
615	618	(1.6.5.9.1)2003 数二	a.f .e.i) 物理及实际应用 (选做) (1.6.5.9.1)2003 数二 有一平底容器, 其内侧壁是由曲线 x = φ y  y≥0 绕 y 轴旋转而成的旋转曲面 (如图), 容器的底面圆 的半径为 2m.根据设计要求, 当以 3m3 /min 的速率向容器内注入液体时, 液面的面积将以 πm2 /min 的
616	619	(1.6.5.9.2)2015 数二	(1.6.5.9.2)2015 数二 已知高温物体置于低温介质中, 任一时刻该物体温度对时间的变化率与该时刻物体和介质的温差成 正比.现将一初始温度为 120°C 的物体在 20°C 恒温介质中冷却, 30min 后该物体温度降至 30°C, 若要 将该物体的温度继续降至 21°C, 还需冷却多长时间. 大观严选题 —— 澄潇宇 第 616 页，共 767 页
617	620	i.vii.i.i.i.i.i.i.i)1999 数一	七、级数 1.7.1.数项级数 a.g.a.a) 具体 (1.7.1.1.1 正项级数 i.vii.i.i.i.i) 比较 (a.g.a.a.a.a.a) 一般形式 i.vii.i.i.i.i.i.i.i)1999 数一 设 an =
618	621	i.vii.i.i.i.i.ii.i) 张宇 1000 基础 1	(a.g.a.a.a.a.b) 极限形式 i.vii.i.i.i.i.ii.i) 张宇 1000 基础 1 1.设 p 为常数, 若级数 ∞ n=1  n+1- n p
619	622	i.vii.i.i.i.i.ii.ii.ii)1998 江苏竞赛	i.vii.i.i.i.i.ii.ii.ii)1998 江苏竞赛 【例 7.1】 (江苏省高等数学竞赛题, 1998 年) 下列级数收敛的是 ( ). A. ∞ n=2 1 ln3 n  B. ∞
620	623	【例 7.2】下列级数发散的是 ( ). A. ∞	i.vii.i.i.i.i.ii.iii) 姜真题同源 150 【例 7.2】下列级数发散的是 ( ). A. ∞ n=1 1 n 2+
621	624	(a.g.a.a.a.b.a)1988 数三	i. vii. i. i. i. ii) 比值 (a.g.a.a.a.b.a)1988 数三 讨论级数 ∞ n=1 n+1 !
622	625	(a.g.a.a.a.b.b)880 综合选择 3; 李正元例 11.6 - 1	(a.g.a.a.a.b.b)880 综合选择 3; 李正元例 11.6 - 1 (3) 设 a > 0, ∞ n=1 a nn! n
623	626	(a.g.a.a.a.c.a) 姜晓千基础例题;660 数一 334 武基础严选第十章选择 8 ∞	i.vii. i. i. ii. iii) 根值 (a.g.a.a.a.c.a) 姜晓千基础例题;660 数一 334 武基础严选第十章选择 8 ∞ n=1 na n+1  n  a>0 
624	627	(a.g.a.a.a.c.b) 张宇 30 例 16.12	(a.g.a.a.a.c.b) 张宇 30 例 16.12 P421 例 16.12 级数 ∞ n=1 e sin2αn
625	628	(a.g.a.a.a.c.c)880 综合填空 4	(a.g.a.a.a.c.c)880 综合填空 4 limn→∞ 1 n n k=1
626	629	(a.g.a.a.b.a.a)2012 数三; 强化严选第七章 13	(1.7.1.1.2) 交错级数 i.vii.i.i.ii.i) 交错 p 级数 (a.g.a.a.b.a.a)2012 数三; 强化严选第七章 13 (4) 已知级数 ∞ n=1
627	630	(a.g.a.a.b.a.b)660 数一 336	(a.g.a.a.b.a.b)660 数一 336 336 级数 ∞ n=1 -1   n 1 n -
628	631	(a.g.a.a.b.b.a)1992 数一	i.vii. i. i. ii. ii. ii) 三角 (a.g.a.a.b.b.a)1992 数一 级数 ∞ n=1 -1   n 1-cos
629	632	(a.g.a.a.b.b.b)1996 数一;	(a.g.a.a.b.b.b)1996 数一; 设 an > 0n=1,2,⋯ 且 ∞ n=1 an 收敛，常数 λ ∈ 0, π 2
630	633	(a.g.a.a.b.c.a)2025 数三	i.vii.i.i.ii.iii) 对数 (a.g.a.a.b.c.a)2025 数三 3.已知 k 为常数, 则级数 ∞ n=1 -1   n 1
631	634	(a.g.a.a.b.c.b)1995 数一	(a.g.a.a.b.c.b)1995 数一 设 un = -1 n ln 1+ 1 n  
632	635	(a.g.a.a.b.c.c)2015 数三	(a.g.a.a.b.c.c)2015 数三 下列级数中发散的是 ( ) A. ∞ n=1 n 3  n
633	636	(a.g.a.a.b.c.d) 武强化严选第 7 章 4	(a.g.a.a.b.c.d) 武强化严选第 7 章 4 4.设常数 p > 0, 则级数 ∞ n=1 -1 n-1 ln e n+p  
634	637	(a.g.a.a.b.d.a)1987 数一	i.vii.i.i.ii.iv) 拆项 (a.g.a.a.b.d.a)1987 数一 设常数 k > 0，则级数 ∞ n=1 -1   n k+n
635	638	(a.g.a.a.b.d.b)1997 北京竞赛;30 例 16.16	(a.g.a.a.b.d.b)1997 北京竞赛;30 例 16.16 (1) ∞ n=1 -1 n-1  n-lnn ; 2 ∞
636	639	(a.g.a.a.b.e.a)2025 数一	i.vii.i.i.ii.v)sin 型 (a.g.a.a.b.e.a)2025 数一 2.已知级数 (i) ∞ n=1 sin n 3π
637	640	(a.g.a.a.b.e.b)660 数一 331	(a.g.a.a.b.e.b)660 数一 331 331 在如下四个级数 ① ∞ n=1 -1 n-1
638	641	(a.g.a.a.b.e.c)1995 南京大学	(a.g.a.a.b.e.c)1995 南京大学 【例 7.3】 (南京大学,1995 年) 设 un = n+1 π nπ sinx x  dxn=1,2,⋯ , 则级数
639	642	i.vii. i. i. ii.ii)1990 数一设 α 为常数，则级数	(1.7.1.1.3) 任意项级数 i.vii. i. i. ii.ii)1990 数一设 α 为常数，则级数 ∞ n=1 sinnα n
640	643	i. vii. i. i.ii. ii)2016 数三;30 例 16.18	i. vii. i. i.ii. ii)2016 数三;30 例 16.18 (4) 级数 ∞ n=1 1 n -
641	644	(a.g.a.a.d.a.a)2017 数三;30 习题 16.4	(1.7.1.1.4) 泰勒 i.vii. i. i. i. i) 直接展开 (a.g.a.a.d.a.a)2017 数三;30 习题 16.4 (4) 若级数 ∞ n=2
642	645	(a.g.a.a.d.a.b)660 数一 333;30 习题 16.11	(a.g.a.a.d.a.b)660 数一 333;30 习题 16.11 333 级数 ∞ n=1 ln 1+ -1 n  n -
643	646	(a.g.a.a.d.b.a)880 综合解答 1; 强化严选第七章 26	i.vii. i. i. iv. ii) 结合微分方程 (a.g.a.a.d.b.a)880 综合解答 1; 强化严选第七章 26 已知函数 y = yx 满足方程 y  = x + y, 且 y0 = 1, 讨论级数 ∞ n=1
644	647	(a.g.a.b.a.a.a)2006 数一三; 强化严选第七章 9	a.g.a.b) 抽象敛散 (1.7.1.2.1 基本性质 i.vii.i.ii.i.i) 四则运算 (a.g.a.b.a.a.a)2006 数一三; 强化严选第七章 9 若级数 ∞ n=1
645	648	(a.g.a.b.a.a.b)880 基础选择 1; 基础严选第十章选择 9	(a.g.a.b.a.a.b)880 基础选择 1; 基础严选第十章选择 9 (1) 设级数 ∞ n=1 un 与 ∞
646	649	(a.g.a.b.a.b.a)2005 数三;	i.vii. i. ii. i. ii) 加括号 (a.g.a.b.a.b.a)2005 数三; 设 an > 0,n = 1,2, ⋯ , 若 ∞ n=1 an 发散, ∞
647	650	(a.g.a.b.a.b.b)2011 数三; 强化严选第七章 12	(a.g.a.b.a.b.b)2011 数三; 强化严选第七章 12 设 un 是数列, 则下列命题正确的是 ( ) A. 若 ∞ n=1 un 收敛，则
648	651	(a.g.a.b.a.c.a)2003 数三	i. vii. i. ii. i.ii) 所有正 / 负项构成的级数 (a.g.a.b.a.c.a)2003 数三 (3) 设 pn = an+an 2 ,qn =
649	652	(a.g.a.b.a.c.b)660 数一 316	(a.g.a.b.a.c.b)660 数一 316 316 给出以下 4 个命题: ①若 ∞ n=1 an 收敛，则 ∞
650	653	(a.g.a.b.a.d.a)1994 数一三	i. vii. i. ii. i.iv) 绝对条件 (a.g.a.b.a.d.a)1994 数一三 设常数 λ > 0，且级数 ∞ n=1 a
651	654	(a.g.a.b.a.d.b)660 数一 319	(a.g.a.b.a.d.b)660 数一 319 319 设正项级数 ∞ n=0 an 收敛, bn = -1 n ln 1+a  2n , 则
652	655	(a.g.a.b.b.a.a)1998 数一;30 习题 16.9	(1.7.1.2.2) 已知条件的处理 i.vii. i. ii. ii. i) 已知抽象交错发散 (a.g.a.b.b.a.a)1998 数一;30 习题 16.9 设正项数列 an 单调减少, 且 ∞ n=1
653	656	(a.g.a.b.b.b.a)1991 数三	i. vii. i. ii. ii. ii. ii) 已知大小关系 (a.g.a.b.b.b.a)1991 数三 设 0 ≤ an ≤ 1 n n=1,2,⋯ 则下列级数中肯定收敛的是 ( )
654	657	(a.g.a.b.b.b.b)2023 数一三	(a.g.a.b.b.b.b)2023 数一三 (4) 已知 an < bnn=1,2,⋯ .若级数 ∞ n=1 an 与 ∞
655	658	(a.g.a.b.b.b.c)660 数一 318	(a.g.a.b.b.b.c)660 数一 318 318 设有命题 ①若 ∞ n=1 an 收敛，则
656	659	(a.g.a.b.b.b.d)660 数一 326; 基础严选第十章选择 26	(a.g.a.b.b.b.d)660 数一 326; 基础严选第十章选择 26 an和 bn符合下列哪一个条件, 可由 ∞ n=1 an 发散推得 ∞
657	660	i. vii. i. ii. ii. iii. ii. i)2004 数一	i.vii. i. ii. ii.iii) 已知极限 (a.g.a.b.b.c.a) 比较审敛法极限形式 i. vii. i. ii. ii. iii. ii. i)2004 数一 (9) 设 ∞ n=1 an 为正项级数，下列结论中正确的是 ( )
658	661	i.vii. i.ii. ii.ii.ii.ii)2013 数三; 强化严选第七章 14 设 an 为正项数列, 下列选项正确的是 ( )	i.vii. i.ii. ii.ii.ii.ii)2013 数三; 强化严选第七章 14 设 an 为正项数列, 下列选项正确的是 ( ) A. 若 an > an+1 , 则 ∞ n=1 -1   n-1
659	662	i.vii. i. ii. ii. iii. ii. i)2004 数三;30 习题 16.1	(a.g.a.b.b.c.b) 必要条件 i.vii. i. ii. ii. iii. ii. i)2004 数三;30 习题 16.1 (10) 设有下列命题: (1) 若 ∞ n=1 u2n-1+u   2n 收敛，则
660	663	i. vii. i. ii. ii. iii.iii.ii. i)1994 数一; 李正元例 11.25	(a.g.a.b.b.c.c) 与导数结合 i. vii. i. ii. ii. iii.iii.ii. i)1994 数一; 李正元例 11.25 设 f x 在点 x = 0 的某一邻域内具有二阶连续导数, 且 limx→0 f x  x = 0, 证明级数 ∞
661	664	i. vii. i. ii. ii. iii. iii. iii. ii)880 综合选择 6	i. vii. i. ii. ii. iii. iii. iii. ii)880 综合选择 6 (6) 设 f x 有一阶连续导数, 且 limx→0 f x  x = 1,an = f 1 n  
662	665	i.vii. i. ii.iii.ii.i.i)2019 数一	(1.7.1.2.3) 放缩 i.vii. i.ii.iii.i) 有界 (a.g.a.b.c.a.a) 直接给出 i.vii. i. ii.iii.ii.i.i)2019 数一 设 un 是单调增加的有界数列, 则下列级数中收敛的是 ( ) A. ∞ n=1
663	666	i.vii. i. ii.ii.i.ii.i)2009 数一; 强化严选第七章 10	(a.g.a.b.c.a.b) 已知极限 i.vii. i. ii.ii.i.ii.i)2009 数一; 强化严选第七章 10 (4) 设有两个数列 an ,bn ，若 limn→∞ an = 0，则 ( ) A. 当 ∞
664	667	i.vii. i. ii.iii.i.iii.i)880 基础解答 2 - 1	i.vii. i. ii.iii.i.iii.i)880 基础解答 2 - 1 设 ∞ n=1 -1   n-1 ane
665	668	i. vii. i. ii. iii. ii. iii. ii)2019 数三;30 例 16.19	i. vii. i. ii. iii. ii. iii. ii)2019 数三;30 例 16.19 (4) 若 ∞ n=1 nun绝对收敛， ∞
666	669	【例 7.4】下列级数绝对收敛的是 ( ). A. ∞	i.vii. i. ii.iii.i.iii.iii) 姜真题同源 150 【例 7.4】下列级数绝对收敛的是 ( ). A. ∞ n=1 anbn, 其中 ∞ n=1
667	670	(a.g.a.b.c.b.a)1988 数三;30 习题 16.2	i.vii. i. ii.ii.ii) 两个级数都收敛 (a.g.a.b.c.b.a)1988 数三;30 习题 16.2 已知级数 ∞ n=1 a
668	671	(a.g.a.b.c.b.b)1996 数三;880 基础选择 2	(a.g.a.b.c.b.b)1996 数三;880 基础选择 2 下述各选项正确的是 ( ) A. 若 ∞ n=1 u
669	672	(a.g.a.b.c.c.a)2014 数一;30 例 16.10	i.vii. i.ii.iii.iii) 双数列 (a.g.a.b.c.c.a)2014 数一;30 例 16.10 设数列 an ,bn 满足 0 < an < π 2 ,0 < bn <
670	673	i. vii. i. ii. iv. i)2002 数一	(1.7.1.2.4) 级数定义 i. vii. i. ii. iv. i)2002 数一 设 un ≠ 0n=1,2,3,⋯ , 且 limn→∞ n un = 1, 则级数 ∞
671	674	i.vii.i.ii.iv.ii)2016 数一	i.vii.i.ii.iv.ii)2016 数一 已知函数 f x 可导, 且 f 0 = 1,0 < f  x < 1 2 .设数列 xn 满足 xn+1 = f xn n=1,2,⋯ .证明: (I) 级数 ∞
672	675	i.vii. i. ii.iv.iii)1997 数一	i.vii. i. ii.iv.iii)1997 数一 设 a1 = 2,an+1 = 1 2 an+ 1
673	676	(a.g.b.a.a.a.a)880 基础解答 3 - 3 ∞	1.7.2.幂级数 a.g.b.a) 收敛域 (区间) (1.7.2.1.1) 具体 i.vii.ii.i.i.i.i) 常规 (a.g.b.a.a.a.a)880 基础解答 3 - 3 ∞ n=1
674	677	(a.g.b.a.a.a.b) 张宇 1000 强化 29	(a.g.b.a.a.a.b) 张宇 1000 强化 29 幂级数 ∞ n=1 -1   n x 2n+1
675	678	(a.g.b.a.a.a.c)880 基础解答 4 - 1 ∞	(a.g.b.a.a.a.c)880 基础解答 4 - 1 ∞ n=1 x n 2 2  n 大观严选题 —— 澄潇宇
676	679	(a.g.b.a.a.a.d)2011 北京竞赛	(a.g.b.a.a.a.d)2011 北京竞赛 (3) (第二十二届北京市大学生数学竞赛题, 2011 年) 函数项级数 ∞ n=1 -1   n4 2n e
677	680	(a.g.b.a.a.a.e)2026 数一	(a.g.b.a.a.a.e)2026 数一 级数 ∞ n=1 3+-1 n 4 
678	681	(a.g.b.a.a.b.a)1992 数三	i.vii. ii. i. i. ii) 中心平移 (a.g.b.a.a.b.a)1992 数三 级数 ∞ n=1 x-2 2n n4  n 的收敛域为 _____. 大观严选题 —— 澄潇宇
679	682	(a.g.b.a.a.c.a)2009 数三	i.vii. ii. i. i.ii)n 次方和差 (a.g.b.a.a.c.a)2009 数三 幂级数 ∞ n=1 e
680	683	(a.g.b.a.a.c.b)2000 数一	(a.g.b.a.a.c.b)2000 数一 求幂级数 ∞ n=1 1 3
681	684	(a.g.b.a.a.c.c)660 数一 131	(a.g.b.a.a.c.c)660 数一 131 幂级数 ∞ n=1 -1   n x+1 n n 1-4 n
682	685	(a.g.b.a.a.d.a)1996 北京竞赛	i.vii.ii.i.i.iv)ln 相关 (a.g.b.a.a.d.a)1996 北京竞赛 幂级数 ∞ n=1 -1 n8
683	686	(a.g.b.a.a.e.a)2022 数一;30 例 16.25	i.vii.ii.i.i.v) 分子阶乘 (a.g.b.a.a.e.a)2022 数一;30 例 16.25 已知级数 ∞ n=1 n!
684	687	(a.g.b.a.b.a.a) 武强化严选第七章 15	(1.7.2.1.2) 抽象 i.vii.ii.i.i.i) 一点收敛 (a.g.b.a.b.a.a) 武强化严选第七章 15 15.若幂级数 ∞ n=0
685	688	(a.g.b.a.b.a.b)660 数一 330	(a.g.b.a.b.a.b)660 数一 330 330 设 ∞ n=1 -1   nan2 n收敛，则
686	689	i.vii.ii.i.i.ii.ii.i)2008 数一; 强化严选第七章 20	i.vii.ii.i.ii.ii.ii) 一点发散,一点收敛 (a.g.b.a.b.b.a) 直接给出 i.vii.ii.i.i.ii.ii.i)2008 数一; 强化严选第七章 20 (11) 已知幂级数 ∞ n=0 anx+2 n在 x = 0 处收敛，在 x =-4 处发散，则幂级数
687	690	i.vii. ii. i. ii. ii. ii. ii. i)2011 数一; 强化严选第七章 17	(a.g.b.a.b.b.b) 需推导 i.vii. ii. i. ii. ii. ii. ii. i)2011 数一; 强化严选第七章 17 (2) 设数列 an 单调减少， limn→∞ an = 0， Sn = n k=1
688	691	【例 7.8】 (1) 设数列 an 单调递减, 且 limn→∞	i.vii.ii.i.ii.ii.ii.ii.ii) 姜真题同源 150 【例 7.8】 (1) 设数列 an 单调递减, 且 limn→∞ anlnn = 1, 则幂级数 ∞ n=1 -1   nanx+1 n的收敛域为 ___. 大观严选题 —— 澄潇宇
689	692	(a.g.b.a.b.c.a)1997 数一; 强化严选第七章 19; 李正元例 11.15 - 3	i.vii.ii.i.ii.iii) 已知一级数的,求另一幂级数的 (a.g.b.a.b.c.a)1997 数一; 强化严选第七章 19; 李正元例 11.15 - 3 设矩级数 ∞ n=0 anx
690	693	(a.g.b.a.b.c.b)2020 数三	(a.g.b.a.b.c.b)2020 数三 设幂级数 ∞ n=1 nanx-2 n的收敛区间为 -2,6 , 则 ∞
691	694	i.vii. ii. i. ii. iv. i. i) 武强化严选第七章 23	i.vii. ii. i. ii. iv) 已知条件收敛 (a.g.b.a.b.d.a) 直接给出在一点条件收敛 i.vii. ii. i. ii. iv. i. i) 武强化严选第七章 23 设幂级数 ∞ n=1 anx
692	695	i.vii.ii.i.i.ii.iv.i.ii) 武强化严选第七章 16	i.vii.ii.i.i.ii.iv.i.ii) 武强化严选第七章 16 16.设 ∞ n=1 x-a n  n 在 x =-2 处条件收敛, 则
693	696	(a.g.b.a.b.d.b) 需转化为幂级数在一点条件收敛 i.vii. ii. i. ii. iv. ii. i)2015 数一	(a.g.b.a.b.d.b) 需转化为幂级数在一点条件收敛 i.vii. ii. i. ii. iv. ii. i)2015 数一 (3) 若级数 ∞ n=1 an 条件收敛，则 x = 3 与 x = 3 依次为幂级数 ∞
694	697	i.vii.ii.i.i.ii.iv.ii.ii) 张宇 1000 强化 13	i.vii.ii.i.i.ii.iv.ii.ii) 张宇 1000 强化 13 13.若级数 ∞ n=1 an2 n条件收敛, 则幂级数
695	698	i.vii.ii.i.i.ii.iv.ii.iii) 武强化严选第七章 2 2	i.vii.ii.i.i.ii.iv.ii.iii) 武强化严选第七章 2 2 已知级数 ∞ n=1 -1   nan条件收敛，则幂级数 ∞
696	699	(a.g.b.a.b.e.a)2020 数一	i.vii.ii.i.i.iv) 阿贝尔 (a.g.b.a.b.e.a)2020 数一 设 R 为幂级数 ∞ n=1 anx
697	700	(A.G.B.B.A.A.A.A)1990 数一	a.g.b.b) 求和 (1.7.2.2.1 幂级数求和 i.vii. ii. ii. i. i) 系数具体 (a.g.b.b.a.a.a) 子型 i.vii.ii.ii.i.i.i.i.i) 一次 (A.G.B.B.A.A.A.A)1990 数一 求幂级数 ∞
698	701	(A.G.B.B.A.A.A.B)2017 数一	(A.G.B.B.A.A.A.B)2017 数一 幂级数 ∞ n=1 -1   n-1 nxn-1在区间 -1,1 内的和函数 Sx = _____. 大观严选题 —— 澄潇宇
699	702	(A.G.B.B.A.A.A.D)2014 数三	i.vii.ii.ii.i.i.i.iii) 二次 (A.G.B.B.A.A.A.D)2014 数三 求幂级数 ∞ n=0  n+1 n+3 x
700	703	(A.G.B.B.A.A.A.E)1992 北京竞赛	(A.G.B.B.A.A.A.E)1992 北京竞赛 求极限 lim x→1- 1-x 3 ∞ n=1 n  2x
701	704	(A.G.B.B.A.A.B.B)1987 数一;880 基础解答 5 - 1	(a.g.b.b.a.a.b) 母型无阶乘 i.vii.ii.ii.i.i.i.ii.i) 一次 (A.G.B.B.A.A.B.B)1987 数一;880 基础解答 5 - 1 求幂级数 ∞ n=1
702	705	(A.G.B.B.A.A.B.C)2005 数三;30 习题 16.13	(A.G.B.B.A.A.B.C)2005 数三;30 习题 16.13 求幂级数 ∞ n=1 1 2n+1 -1   x
703	706	(A.G.B.B.A.A.B.D)2010 数一;30 例 16.32	(A.G.B.B.A.A.B.D)2010 数一;30 例 16.32 求幂级数 ∞ n=1 -1 n-1  2n-1
704	707	(A.G.B.B.A.A.B.E)2022 数三	(A.G.B.B.A.A.B.E)2022 数三 求幂级数 ∞ n=0 -4 n+1 4
705	708	(A.G.B.B.A.A.B.G)2021 数一	i.vii.ii.ii.ii.i.i.ii.vi) 二次 (A.G.B.B.A.A.B.G)2021 数一 设 unx = e-nx+ x n+1 nn+1 
706	709	(A.G.B.B.A.A.B.H)2006 数三; 强化严选第七章 32	(A.G.B.B.A.A.B.H)2006 数三; 强化严选第七章 32 求幂级数 ∞ n=1 -1 n-1 x
707	710	(A.G.B.B.A.A.B.I)2016 数三	(A.G.B.B.A.A.B.I)2016 数三 求幂级数 ∞ n=0 x 2n+2
708	711	(A.G.B.B.A.A.B.J) 武强化严选第七章 30	(A.G.B.B.A.A.B.J) 武强化严选第七章 30 求幂级数 x + 2 ∞ n=1 -1 n+1 4n 2-1  x
709	712	(A.G.B.B.A.A.B.L)2012 数一	i. vii. ii. ii. ii. i. i. ii.11) 分子二次,分母一次 (A.G.B.B.A.A.B.L)2012 数一 求幂级数 ∞ n=0 4n
710	713	(A.G.B.B.A.A.B.M)880 基础解答 5 - 2; 李正元例 11.16 - 1 ∞	(A.G.B.B.A.A.B.M)880 基础解答 5 - 2; 李正元例 11.16 - 1 ∞ n=0 n-1 2  n+1 x n 大观严选题 —— 澄潇宇
711	714	n 大观严选题 —— 澄潇宇	(a.g.b.b.a.a.c) 母型有阶乘 i. vii. ii. ii. i. i. ii.ii) 指数 (A.G.B.B.A.A.C.B) 姜真题同源 150 ∞ n=0 n 2+1
712	715	(A.G.B.B.A.A.C.D)2019 数一	i. vii. ii. ii. ii. i. i. ii.iii) 三角 (A.G.B.B.A.A.C.D)2019 数一 幂级数 ∞ n=0 -1 n
713	716	. 大观严选题 —— 澄潇宇	(A.G.B.B.A.A.C.E) 姜真题同源 150;108 考点 24 第 6 题 ∞ n=0 -1 n n+1  2n+3 !  x
714	717	(A.G.B.B.A.A.C.G)2023 数三	i. vii. ii. ii. ii. i. i.ii. vi) 微分方程 (A.G.B.B.A.A.C.G)2023 数三 ∞ n=0 x 2n
715	718	(A.G.B.B.A.A.C.H)2002 数一三;880 基础解答 11	(A.G.B.B.A.A.C.H)2002 数一三;880 基础解答 11 (1) 验证函数 yx = 1 + x 3 3! ++ x 6
716	719	(A.G.B.B.A.A.C.I) 武强化严选第七章 31	(A.G.B.B.A.A.C.I) 武强化严选第七章 31 求幂级数 ∞ n=0 x 4n
717	720	(A.G.B.B.A.A.C.J)2004 数三	(A.G.B.B.A.A.C.J)2004 数三 设级数 x 4 2⋅4 + x 6
718	721	i.vii.ii.ii.i.i.i.i.i.i2020 数一;30 例 16.33;1000 强化 20	i.vii. ii. ii. ii. i. ii) 系数以递推数列给出 (a.g.b.b.a.b.a)nan i.vii.ii.ii.i.i.i.i.i.i2020 数一;30 例 16.33;1000 强化 20 设数列 an 满足:a1 = 1,n+1 an+1 = n+ 1 2  an, 证明: 当 x < 1 时, 幂级数
719	722	i.vii.ii.ii.i.i.ii.ii.i)2013 数一; 强化严选第七章 37	(a.g.b.b.a.b.b) 隔项递推 i.vii.ii.ii.i.i.ii.ii.i)2013 数一; 强化严选第七章 37 设数列 an 满足条件:a0 = 3,a1 = 1,an-2- nn-1 an = 0n≥2 ,Sx 是幂级数 ∞ n=0 anx
720	723	i. vii. ii. ii. ii. ii. ii)2017 数三;880 拓展 1	(a.g.b.b.a.b.c) 前两项推后一项 i. vii. ii. ii. ii. ii. ii)2017 数三;880 拓展 1 若 a0 = 1,a1 = 0,an+1 = 1 n+1 nan+a  n-1 n=1,2,3,⋯ ,Sx 为幂级数
721	724	i. vii. ii. ii. ii. ii. iv. i)2007 数一; 强化严选第七章 36	(a.g.b.b.a.b.d) 已知微分方程反求递推 i. vii. ii. ii. ii. ii. iv. i)2007 数一; 强化严选第七章 36 设幂级数 ∞ n=0 anx
722	725	(a.g.b.b.b.a.a)1998 数三	(1.7.2.2.2) 数项级数求和 i.vii. ii. ii. ii. ii. i) 结合积分 (a.g.b.b.b.a.a)1998 数三 设有两条抛物线 y = nx2+ 1 n
723	726	(a.g.b.b.b.a.b)2009 数一	(a.g.b.b.b.a.b)2009 数一 设 an为曲线 y = x n与 y = x n+1 n=1,2,⋯ 所围成区域的面积, 记 S1 = ∞
724	727	(A.G.B.B.B.B.A.B)1999 数三	i.vii. ii. ii. ii. ii. ii) 直接给出 (a.g.b.b.b.b.a) 有 n 次方 i.vii.ii.ii.ii.ii.ii.ii.ij 子型 (A.G.B.B.B.B.A.B)1999 数三 ∞ n=1 n
725	728	(A.G.B.B.B.B.A.C)1993 数一; 李正元例 11.20 - 1;30 习题 16.14	(A.G.B.B.B.B.A.C)1993 数一; 李正元例 11.20 - 1;30 习题 16.14 求级数 ∞ n=0 -1 n n 2-n+1  2  n 的和. 大观严选题 —— 澄潇宇
726	729	(A.G.B.B.B.B.A.E)1996 数一;1000 基础 13; 李正元例 11.20 - 2;880 基础解答 10 - 1 ∞	i.vii.ii.ii.ii.ii.ii.iv) 母型 (A.G.B.B.B.B.A.E)1996 数一;1000 基础 13; 李正元例 11.20 - 2;880 基础解答 10 - 1 ∞ n=2 1 n 2-1 2  n = _____. 大观严选题 —— 澄潇宇 第 726 页，共 767 页
727	730	(A.G.B.B.B.B.A.F)660 数一 133; 基础严选第十章填空 9	(A.G.B.B.B.B.A.F)660 数一 133; 基础严选第十章填空 9 级数 ∞ n=1 -1 n-1 n2  n+1 的和为 _____. 大观严选题 —— 澄潇宇
728	731	(A.G.B.B.B.B.A.G) 武基础严选第十章解答 10	(A.G.B.B.B.B.A.G) 武基础严选第十章解答 10 求 ∞ n=1 -1 n-1 n2n-1  
729	732	(A.G.B.B.B.B.A.H)900 第八章数一 A 类 23	(A.G.B.B.B.B.A.H)900 第八章数一 A 类 23 计算级数 ∞ n=1 -1 n2 n+3n+1
730	733	(A.G.B.B.B.B.A.I) 武基础严选第十章填空 12	(A.G.B.B.B.B.A.I) 武基础严选第十章填空 12 级数 ∞ n=1 2 n  n! 等于 _____. 大观严选题 —— 澄潇宇
731	734	(A.G.B.B.B.B.B.B)2018 数一	(a.g.b.b.b.b) 无 n 次方 i.vii.ii.ii.ii.ii.ii.i2n + 1 的阶乘 (A.G.B.B.B.B.B.B)2018 数一 ∞ n=0 -1   n 2n+3
732	735	(A.G.B.B.B.B.B.D)2021 浙江竞赛	i.vii.ii.ii.ii.ii.ii.iii.iii)n 的阶乘 (A.G.B.B.B.B.B.D)2021 浙江竞赛 求级数 ∞ n=0 n
733	736	n!n+2   . 大观严选题 —— 澄潇宇	(A.G.B.B.B.B.B.E) ∞ n=1 -1 n-1 n+1  n!n+2   . 大观严选题 —— 澄潇宇 第 733 页，共 767 页
734	737	(A.G.B.B.B.B.B.G) 张宇 1000 强化 35	i.vii. ii. ii. ii. ii. ii. ii. vi)2n - 1/ + 1 (A.G.B.B.B.B.B.G) 张宇 1000 强化 35 求级数 ∞ n=1 -1 n n2n-1   的和. 大观严选题 —— 澄潇宇
735	738	2n-1 2n+1   的和. 大观严选题 —— 澄潇宇	(A.G.B.B.B.B.B.H) 求级数 ∞ n=1 -1 n-1 2n-1 2n+1   的和. 大观严选题 —— 澄潇宇
736	739	(a.g.b.b.b.c.a)1991 数一;880 综合填空 6	i.vii. ii. ii. ii. iii. iii) 级数定义 (a.g.b.b.b.c.a)1991 数一;880 综合填空 6 已知级数 ∞ n=1 -1   n-1
737	740	(a.g.b.c.a.a.a)1987 数三;880 基础解答 6 - 1;30 习题 16.15	(1.7.2.3.1) 有理函数 i.vii.ii.ii.i.i)1/ 二次函数 (a.g.b.c.a.a.a)1987 数三;880 基础解答 6 - 1;30 习题 16.15 将函数 f x = 1 x
738	741	(a.g.b.c.a.a.b)2007 数三	(a.g.b.c.a.a.b)2007 数三 将 f x = 1 x 2-3x-4 展开成 x - 1 的幂级数, 并写出其收敛区间. 大观严选题 —— 澄潇宇
739	742	(a.g.b.c.a.b.a)2026 数三	i.vii. ii. iii. ii. ii)1/ 框框的平方 (a.g.b.c.a.b.a)2026 数三 函数 f x 满足 f x = 1 2-x 2 - 1
740	743	(a.g.b.c.a.b.b)2008 江苏竞赛	(a.g.b.c.a.b.b)2008 江苏竞赛 【例 7.15】 (1) (江苏省高等数学竞赛题,2008 年) 将 f x = x 2+2 x-1 2 1+2x 
741	744	x+1 2 展开成 x - 1 的幂级数. 大观严选题 —— 澄潇宇	(a.g.b.c.a.b.c) 姜真题同源 150 将 f x = x x+1 2 展开成 x - 1 的幂级数. 大观严选题 —— 澄潇宇 第 741 页，共 767 页
742	745	2 展开成 x - 3 的幂级数. 大观严选题 —— 澄潇宇	(a.g.b.c.a.b.d) 姜真题同源 150 将 f x = 1 x 2 展开成 x - 3 的幂级数. 大观严选题 —— 澄潇宇 第 742 页，共 767 页
743	746	i.vii. ii. iii. ii. i)2024 数一三	(1.7.2.3.2) 对数 i.vii. ii. iii. ii. i)2024 数一三 设幂级数 ∞ n=0 anx
744	747	x+1 展开成 x - 1 的幂级数. 大观严选题 —— 澄潇宇	i.vii. ii.ii.ii.ii.ii) 姜晓千基础 将 f x = ln x x+1 展开成 x - 1 的幂级数. 大观严选题 —— 澄潇宇 第 744 页，共 767 页
745	748	i. vii. ii. iii. ii. iii. iii)1995 数三;880 基础解答 6 - 2	i. vii. ii. iii. ii. iii. iii)1995 数三;880 基础解答 6 - 2 将函数 y = ln 1-x-2x 2  展成 x 的幂级数, 并指出其收敛区间. 大观严选题 —— 澄潇宇 第 745 页，共 767 页
746	749	i.vii. ii. iii. ii. iv)1994 数一	i.vii. ii. iii. ii. iv)1994 数一 将函数 f x = 1 4 ln 1+x 1-x
747	750	(a.g.b.c.c.a.a)2001 数一; 强化严选第七章 34	(1.7.2.3.3) 三角 i.vii. ii. iii. iii. ii)arctan (a.g.b.c.c.a.a)2001 数一; 强化严选第七章 34 设 f x = 1+x 2
748	751	(a.g.b.c.c.a.b)2017 江苏竞赛	(a.g.b.c.c.a.b)2017 江苏竞赛 【例 7.16】 (江苏省高等数学竞赛题,2017 年) 将 f x = x 1+x 2  2 + arctan 1+x
749	752	(a.g.b.c.c.a.c)2003 数一	(a.g.b.c.c.a.c)2003 数一 将函数 f x = arctan 1-2x 1+2x 展开成 x 的幂级数, 并求级数 ∞ n=0
750	753	(a.g.b.c.c.a.d) 真题同源 150；武强化严选第七章 29	(a.g.b.c.c.a.d) 真题同源 150；武强化严选第七章 29 将 f x = arctan 4+x 2 4-x 2 展开成 x 的幂级数. 大观严选题 —— 澄潇宇 第 750 页，共 767 页
751	754	(a.g.b.c.c.b.a)2018 数三	i.vii. ii.iii.iii.ii)sin/cos (a.g.b.c.c.b.a)2018 数三 已知 cos2x - 1 1+x 2 = ∞
752	755	(a.g.b.c.c.b.b)880 基础解答 9	(a.g.b.c.c.b.b)880 基础解答 9 将 f x = sin π 2 x 在 x =-2 处进行幂级数展开. 大观严选题 —— 澄潇宇 第 752 页，共 767 页
753	756	(a.g.b.c.c.b.c)880 综合解答 10	(a.g.b.c.c.b.c)880 综合解答 10 将 f x = sinx + xcosx 展开为 x 的幂级数, 并求 ∞ n=0 -1   n n+1 2n+1 ! 的和. 大观严选题 —— 澄潇宇
754	757	i. vii. ii. iii.iv. i)880 综合解答 8	(1.7.2.3.4) 指数相关 i. vii. ii. iii.iv. i)880 综合解答 8 将 f x = xex在 x = 2 处展开为幂级数, 并求 f n 2 . 大观严选题 —— 澄潇宇 第 754 页，共 767 页
755	758	i. vii. ii. iii. iv. ii)880 基础填空 3	i. vii. ii. iii. iv. ii)880 基础填空 3 f x = x0 e-t2  dt 展开为 x 的幂级数为 _____. 大观严选题 —— 澄潇宇 第 755 页，共 767 页
756	759	i.vii. ii. iv. i. i)1993 数一;30 习题 16.8	a.g.b.d) 傅里叶级数 (仅数一) (1.7.2.4.1) 傅里叶系数 i.vii. ii. iv. i. i)1993 数一;30 习题 16.8 (3) 设函数 f x = πx + x 2 -π<x<π 的傅里叶级数展开式为 a0
757	760	i.vii. ii.iv.i.ii)2003 数一; 强化严选第七章 42	i.vii. ii.iv.i.ii)2003 数一; 强化严选第七章 42 设 x 2 = ∞ n=0 ancosnx-π≤x≤π , 则 a2 = _____. 大观严选题 —— 澄潇宇
758	761	i.vii. ii.iv. i.iii)2023 数一;1000 强化 38	i.vii. ii.iv. i.iii)2023 数一;1000 强化 38 (13) 设 f x 是周期为 2 的周期函数, 且 f x = 1 - x,x ∈ 0,1 .若 f x = a0 2 + ∞ n=1
759	762	i.vii. ii. iv. i.iv)2024 数一	i.vii. ii. iv. i.iv)2024 数一 已知函数 f x = x + 1.若 f x = a0 2 + ∞ n=1
760	763	i.vii. ii.iv.ii.i)1988 数一; 李正元例 11.21 - 1	(1.7.2.4.2) 狄利克雷 i.vii. ii.iv.ii.i)1988 数一; 李正元例 11.21 - 1 (2) 设 f x 是周期为 2 的周期函数，它在区间 (-1,1] 上的定义为 f x = 2, -1<x≤0, x 3 , 0<x≤1, 
761	764	i. vii. ii. iv. ii. ii)1992 数一;880 基础填空 5	i. vii. ii. iv. ii. ii)1992 数一;880 基础填空 5 设 f x = -1, -π<x≤0, 1+x 2 , 0<x≤π,  
762	765	i. vii. ii. iv. ii. iii. iii)1989 数一; 李正元例 11.21 - 2; 十章填空 14	i. vii. ii. iv. ii. iii. iii)1989 数一; 李正元例 11.21 - 2; 十章填空 14 (4) 设函数 f x = x 2 ,0 ≤ x ≤ 1,Sx = ∞ n=1
763	766	i. vii. ii.iv.ii.iv)1999 数一;30 例 16.38	i. vii. ii.iv.ii.iv)1999 数一;30 例 16.38 (3) 设 f x = x, 0≤x≤ 1 2 , 2-2x, 1
764	767	i.vii.ii.iv.ii.v)2013 数一; 强化严选第七章 41	i.vii.ii.iv.ii.v)2013 数一; 强化严选第七章 41 (3) 设 f x = x￾1 2  ,bn = 2 1 0
765	768	i.vii. ii.iv.ii.vi)2025 数一	i.vii. ii.iv.ii.vi)2025 数一 已知函数 f x = 0,0≤x< 1 2 x
766	769	i.vii.ii.iv.iii.i)1991 数一; 强化严选第七章 48	(1.7.2.4.3) 展开为傅里叶级数 i.vii.ii.iv.iii.i)1991 数一; 强化严选第七章 48 将函数 f x = 2 + x -1≤x≤1 展开成以 2 为周期的傅里叶级数, 并由此求级数 ∞ n=1 1
767	770	i.vii. ii.iv.iii.ii)2008 数一;880 基础解答 12; 强化严选第七章 47； 30 例 16.39	i.vii. ii.iv.iii.ii)2008 数一;880 基础解答 12; 强化严选第七章 47； 30 例 16.39 将函数 f x = 1 - x 2 0≤x≤π 展开成余弦级数, 并求 ∞ n=1
